num_patterns,average_pattern_depth,variance_pattern_depth,max_pattern_depth,min_pattern_depth,typegen_time,match_gen_time,processing_time,program_gen_time,total_time,correct
1,2.0,0.0,2,2,152,54,75,206,307,false
6,3.8333333,0.13888888,4,3,35,132,75,167,244,true
7,2.7142856,1.0612245,4,1,84,50,73,134,209,true
1,3.0,0.0,3,3,6,11,54,17,73,true
1,1.0,0.0,1,1,23,42,48,65,115,true
1,1.0,0.0,1,1,40,28,52,68,121,false
1,1.0,0.0,1,1,20,41,49,61,112,true
2,1.5,0.25,2,1,79,111,68,190,259,false
2,4.0,0.0,4,4,408,116,100,524,626,false
4,2.5,0.25,3,2,1311,136,91,1447,1540,true
5,3.8,0.16,4,3,304,317,113,621,736,true
1,2.0,0.0,2,2,146,23,72,169,242,false
2,1.5,0.25,2,1,43,66,65,109,176,true
1,2.0,0.0,2,2,23,18,57,41,100,true
1,2.0,0.0,2,2,23,41,71,64,137,false
1,2.0,0.0,2,2,102,30,62,132,196,false
1,1.0,0.0,1,1,223,52,77,275,354,true
3,3.6666667,0.22222221,4,3,91,358,487,449,937,false
1,2.0,0.0,2,2,122,27,78,149,229,false
1,4.0,0.0,4,4,19,14,58,33,93,true
1,2.0,0.0,2,2,65,16,66,81,148,true
228,3.9736843,0.034395196,4,2,112,3791,3012,3903,6917,true
2,1.0,0.0,1,1,134,79,74,213,291,true
1,1.0,0.0,1,1,26,8,61,34,96,false
1,4.0,0.0,4,4,155,51,85,206,292,false
2,2.0,0.0,2,2,93,54,71,147,220,true
2,2.0,0.0,2,2,234,138,80,372,452,true
1,2.0,0.0,2,2,444,44,91,488,581,false
6,3.6666667,0.55555564,4,2,492,304,145,796,943,false
2,3.0,1.0,4,2,857,2163,293,3020,3315,false
7,3.7142856,0.20408164,4,3,22,181,101,203,306,true
5,3.4,0.64,4,2,49,163,93,212,307,true
17,3.7058823,0.44290674,4,2,40,178,123,218,342,true
4,2.5,0.25,3,2,88,164,66,252,320,false
1,2.0,0.0,2,2,152,44,85,196,283,true
1,2.0,0.0,2,2,194,62,79,256,337,false
3,1.6666666,0.22222221,2,1,37,43,19410730,80,19410812,true
2,4.0,0.0,4,4,79,184,186,263,455,true
21,3.9047618,0.1814059,4,2,119,902,290,1021,1314,false
7,3.142857,0.6938776,4,2,456,664,235,1120,1358,false
3,2.6666667,1.5555557,4,1,157,1324,221,1481,1706,false
1,1.0,0.0,1,1,506,134,191,640,834,true
3,2.0,0.0,2,2,143,99,164,242,409,false
4,1.75,0.1875,2,1,83,30,126,113,241,true
1,1.0,0.0,1,1,198,102,147,300,450,false
1,1.0,0.0,1,1,92,30,161,122,286,false
1,3.0,0.0,3,3,125,74,144,199,346,true
1,1.0,0.0,1,1,203,44,140,247,391,false
15,4.0,0.0,4,4,214,974,334,1188,1525,false
2,1.5,0.25,2,1,29,63,126,92,222,true
1,1.0,0.0,1,1,321,75,214,396,612,false
1,3.0,0.0,3,3,17,34,155,51,209,false
1,1.0,0.0,1,1,376,65,260,441,704,true
4,2.75,0.1875,3,2,46,50,152,96,252,false
1,4.0,0.0,4,4,259,57,167,316,486,true
2,2.5,0.25,3,2,145,102,157,247,407,true
1,2.0,0.0,2,2,194,80,158,274,435,false
2,4.0,0.0,4,4,70,576,196,646,845,true
1,2.0,0.0,2,2,39,15,135,54,192,false
1,2.0,0.0,2,2,111,32,150,143,296,false
1,2.0,0.0,2,2,804,524,211,1328,1541,false
2,1.5,0.25,2,1,114,92,147,206,356,false
1,4.0,0.0,4,4,14,29,153,43,199,false
2,2.0,0.0,2,2,1749,649,321,2398,2722,true
1,1.0,0.0,1,1,293,61,169,354,526,false
2,2.0,0.0,2,2,52,99,173,151,326,false
1,1.0,0.0,1,1,150,142,1983,292,2278,false
1,2.0,0.0,2,2,109,50,177,159,339,true
2,1.5,0.25,2,1,1200,166,243,1366,1612,false
2,1.5,0.25,2,1,119,73,170,192,365,true
3,2.3333333,0.22222221,3,2,831,446,250,1277,1530,true
1,1.0,0.0,1,1,150,33,182,183,369,true
5,3.4,0.64,4,2,25,88,160,113,276,false
1,2.0,0.0,2,2,220,130,178,350,531,false
1,2.0,0.0,2,2,1016,573,252,1589,1844,false
6,3.5,0.5833333,4,2,476,1052,304,1528,1834,false
2,3.0,0.0,3,3,146,66,202,212,418,true
1,2.0,0.0,2,2,55,57,200,112,315,false
1,1.0,0.0,1,1,83,17,224,100,326,true
8,4.0,0.0,4,4,2769,1428,489,4197,4688,false
1,2.0,0.0,2,2,114,180,258,294,556,true
1,3.0,0.0,3,3,55,168,273,223,499,false
2,1.5,0.25,2,1,148,54,167,202,372,false
2,2.0,1.0,3,1,16646,25872,928,42518,43449,false
1,1.0,0.0,1,1,43,48,132,91,227,true
14,3.357143,0.80102044,4,1,176,245,140,421,562,true
1,4.0,0.0,4,4,7,20,2621622,27,2621652,true
11,2.8181818,0.14876038,3,2,284,471,177,755,937,false
2,4.0,0.0,4,4,329,1488,187,1817,2007,true
1,1.0,0.0,1,1,23,65,67,88,157,false
1,1.0,0.0,1,1,44,32,75,76,153,false
1,2.0,0.0,2,2,86,51,64,137,203,true
1,1.0,0.0,1,1,5,6,49,11,63,true
6,3.6666667,0.5555556,4,2,10,43,72,53,126,true
2,3.0,0.0,3,3,27,51,80,78,159,false
1,4.0,0.0,4,4,131,225,87,356,444,true
1,4.0,0.0,4,4,6,15,51,21,74,false
13,3.9230769,0.071005926,4,3,25,74,105,99,205,true
20,3.9,0.19,4,2,25,208,140,233,375,true
1,2.0,0.0,2,2,112,54,77,166,245,false
5,2.2,0.56,3,1,307,66,81,373,457,true
1,1.0,0.0,1,1,77,57,71,134,207,false
1,2.0,0.0,2,2,819,132,108,951,1061,false
1,2.0,0.0,2,2,67,65,88,132,221,false
1,4.0,0.0,4,4,283,107,88,390,480,true
1,2.0,0.0,2,2,90,18,67,108,178,false
1,2.0,0.0,2,2,165,51,77,216,296,false
1,4.0,0.0,4,4,104,57,124,161,287,true
12,3.1666667,0.9722223,4,1,50,188,103,238,343,true
1,2.0,0.0,2,2,55,21,66,76,143,false
1,2.0,0.0,2,2,95,110,80,205,286,false
1,2.0,0.0,2,2,30,24,68,54,124,true
1,2.0,0.0,2,2,15,20,66,35,103,true
9,3.4444444,0.91358024,4,1,44,98,118,142,261,true
1,2.0,0.0,2,2,122,55,94,177,273,false
495,3.9959595,0.0040240805,4,3,70,8655,10580,8725,19308,true
2,2.5,0.25,3,2,166,356,139,522,665,false
27,3.0370371,0.7764061,4,1,24,56,122,80,204,true
5,2.0,0.8,3,1,263,266,111,529,642,true
1,3.0,0.0,3,3,35,39,79,74,155,true
4,3.5,0.75,4,2,92,97,97,189,288,false
1,3.0,0.0,3,3,28,101,86,129,217,true
1,2.0,0.0,2,2,89,17,86,106,193,false
1,2.0,0.0,2,2,542,91,128,633,762,false
2,1.5,0.25,2,1,53,12,82,65,148,false
1,2.0,0.0,2,2,19,12,133,31,166,false
3,3.0,0.6666667,4,2,41,111,23154718,152,23154872,true
5,3.4,0.64,4,2,281,535,499,816,1322,true
1,2.0,0.0,2,2,149,157,47485285,306,47485595,false
1,1.0,0.0,1,1,88,73,77,161,242,true
1,3.0,0.0,3,3,35,45,74,80,157,false
2,1.5,0.25,2,1,19,15,97,34,133,false
1,2.0,0.0,2,2,118,76,89,194,284,true
14,3.7857144,0.31122452,4,2,30,130,205,160,367,false
1,2.0,0.0,2,2,23,10,296,33,332,false
2,1.5,0.25,2,1,51,33,59,84,144,true
1,1.0,0.0,1,1,5,5,73,10,85,false
1,3.0,0.0,3,3,61,54,107,115,224,true
2,3.0,0.0,3,3,49,49,75,98,174,false
1,1.0,0.0,1,1,42,15,58,57,117,true
2,1.0,0.0,1,1,13,9,111,22,134,false
19,3.8947368,0.1994459,4,2,551,616,281,1167,1449,false
1,3.0,0.0,3,3,281,2717,307,2998,3307,false
1,2.0,0.0,2,2,798,778,315,1576,1894,true
9,3.6666667,0.44444454,4,2,70,139,114,209,326,false
1,2.0,0.0,2,2,12,21,60,33,96,false
1,4.0,0.0,4,4,7,17,83,24,109,true
1,1.0,0.0,1,1,925,32,81,957,1040,false
2,2.0,0.0,2,2,96,77,128,173,303,true
3,3.3333333,0.88888884,4,2,32,35,68,67,137,false
1,3.0,0.0,3,3,67,53,83,120,204,true
1,1.0,0.0,1,1,51,13,98,64,164,true
3,1.6666666,0.22222221,2,1,39,39,75,78,154,true
56,3.732143,0.37468138,4,1,43,407,278,450,729,false
7,2.857143,1.2653062,4,1,171,124,110,295,407,true
1,1.0,0.0,1,1,54,25,86,79,167,false
37,3.945946,0.10518627,4,2,12,266,322,278,602,true
3,3.3333333,0.88888884,4,2,7180,2388,442,9568,10012,true
1,1.0,0.0,1,1,125,83,92,208,302,false
3,4.0,0.0,4,4,239,53,100,292,394,true
7,3.7142856,0.48979583,4,2,57,294,150,351,503,true
1,2.0,0.0,2,2,30,30,81,60,143,false
2,2.0,0.0,2,2,131,44,9932,175,10109,true
1,1.0,0.0,1,1,29,15,119,44,166,false
1,2.0,0.0,2,2,2996,6020,680,9016,9698,false
1,1.0,0.0,1,1,612,47,103,659,764,false
4,3.25,1.6875,4,1,56,174,112,230,344,true
1,1.0,0.0,1,1,110,17,85,127,214,false
3,2.6666667,0.22222221,3,2,38,41,139,79,220,true
1,2.0,0.0,2,2,46,50,86,96,185,true
2,2.0,1.0,3,1,148,55,83,203,287,false
1,1.0,0.0,1,1,32,6,3659129,38,3659169,false
3,4.0,0.0,4,4,96,105,131,201,338,false
2,1.5,0.25,2,1,165,74,160,239,401,true
1,2.0,0.0,2,2,102,41,77,143,222,false
4,3.5,0.75,4,2,57,202,115,259,376,false
1,1.0,0.0,1,1,20,14,66,34,102,false
2,1.5,0.25,2,1,65,33,95,98,195,true
3,2.3333333,0.88888884,3,1,375,181,87,556,645,true
1,2.0,0.0,2,2,185,72,84,257,343,false
9,3.4444444,0.24691357,4,3,135,468,107,603,711,true
1,2.0,0.0,2,2,99,27,66,126,194,true
6,3.5,0.5833333,4,2,92,262,131,354,487,false
2,2.0,0.0,2,2,40,33,79,73,155,false
1,4.0,0.0,4,4,16,41,232,57,291,false
1,1.0,0.0,1,1,63,16,172,79,253,false
6,4.0,0.0,4,4,25,143,109,168,279,true
1,2.0,0.0,2,2,16,13,69,29,100,false
1,2.0,0.0,2,2,15,10,63,25,90,false
1,1.0,0.0,1,1,7,8,73,15,90,false
3,1.6666666,0.22222221,2,1,386,128,139,514,655,false
7,3.5714285,1.1020406,4,1,36,109,111,145,258,true
2,2.5,2.25,4,1,443,277,168,720,891,false
1,1.0,0.0,1,1,111,50,80,161,243,true
2,2.0,0.0,2,2,119,71,85,190,277,true
1,1.0,0.0,1,1,15,12,92,27,121,true
1,1.0,0.0,1,1,37,27,63,64,130,true
1,2.0,0.0,2,2,141,23,187,164,353,false
2,1.5,0.25,2,1,68,63,356,131,488,true
1,4.0,0.0,4,4,6,13,69,19,89,true
1,2.0,0.0,2,2,68,79,88,147,236,true
3,3.6666667,0.22222221,4,3,20,25,107,45,154,true
2,3.0,1.0,4,2,358,398,317,756,1074,false
5,3.2,0.9599999,4,2,106,108,94,214,310,true
36,3.9444444,0.10802469,4,2,67,473,424,540,967,false
1,2.0,0.0,2,2,178,44,892,222,1116,false
2,1.5,0.25,2,1,124,66,88,190,280,true
1,3.0,0.0,3,3,134,136,101,270,373,true
2,2.0,0.0,2,2,224,204,137,428,567,false
10,4.0,0.0,4,4,53,298,457,351,810,true
2,1.5,0.25,2,1,112,100,87,212,301,false
1,1.0,0.0,1,1,29,15,94,44,139,false
3,1.6666666,0.22222221,2,1,42,53,81,95,177,false
4,2.5,0.25,3,2,68,83,87,151,240,false
1,2.0,0.0,2,2,271,47,124,318,444,false
1,2.0,0.0,2,2,145,67,90,212,303,true
1,3.0,0.0,3,3,24,45,84,69,155,true
1,2.0,0.0,2,2,35,55,77,90,169,false
1,3.0,0.0,3,3,67,37,88,104,194,true
1,2.0,0.0,2,2,44,24,2813337,68,2813407,false
10,4.0,0.0,4,4,443,3476,948,3919,4873,true
2,3.0,1.0,4,2,628,3349,324,3977,4306,true
1,4.0,0.0,4,4,7665,11331,1158,18996,20158,true
1,1.0,0.0,1,1,17,322,246,339,589,false
1,3.0,0.0,3,3,187,101,239,288,531,false
1,2.0,0.0,2,2,129,81,273,210,485,false
7,2.857143,1.2653062,4,1,40,79,239,119,361,true
1,1.0,0.0,1,1,101,20,154,121,277,true
1,1.0,0.0,1,1,63,30,138,93,234,false
2,1.0,0.0,1,1,27,21,216,48,267,false
1,2.0,0.0,2,2,11,12,135,23,161,false
1,1.0,0.0,1,1,50,13,200,63,266,false
1,1.0,0.0,1,1,58,16,139,74,216,false
8,3.25,0.6875,4,2,168,682,253,850,1106,false
2,2.5,0.25,3,2,263,191,186,454,642,true
1,2.0,0.0,2,2,166,167,20395713,333,20396049,false
1,3.0,0.0,3,3,1039,646,405,1685,2097,false
1,2.0,0.0,2,2,288,44,185,332,520,false
2,4.0,0.0,4,4,315,4500,653,4815,5471,false
1,2.0,0.0,2,2,254,71,171,325,500,false
1,2.0,0.0,2,2,149,96,157,245,404,false
1,2.0,0.0,2,2,205,88,199,293,495,false
1,2.0,0.0,2,2,168,37,187,205,394,false
1,2.0,0.0,2,2,72,117,173,189,365,true
2,3.0,1.0,4,2,233,165,195,398,596,true
3,1.6666666,0.22222221,2,1,55,32,140,87,230,false
1,2.0,0.0,2,2,253,33,201,286,490,false
1,2.0,0.0,2,2,729,175,229,904,1136,false
2,1.5,0.25,2,1,113,99,256,212,471,false
5,3.6,0.24000001,4,3,48,66,236,114,353,true
1,1.0,0.0,1,1,242,29,191,271,464,false
1,2.0,0.0,2,2,4032,1258,391,5290,5683,false
101,3.861386,0.21840988,4,1,257,1770,1388,2027,3419,false
1,1.0,0.0,1,1,646,203,239,849,1092,false
1,3.0,0.0,3,3,1334,271,325,1605,1934,true
1,4.0,0.0,4,4,527,222,248,749,1001,true
1,2.0,0.0,2,2,541,60,239,601,844,false
1,2.0,0.0,2,2,872,323,188,1195,1386,false
1,2.0,0.0,2,2,85,43,203,128,334,true
2,1.5,0.25,2,1,300,136,517,436,956,false
3,2.6666667,0.22222221,3,2,48,39,194,87,285,true
4,1.75,0.1875,2,1,100,104,205,204,412,true
1,4.0,0.0,4,4,128,370,2904802,498,2905304,false
1,2.0,0.0,2,2,307,54,591,361,956,false
3,2.6666667,0.88888884,4,2,183,237,171,420,593,true
1,4.0,0.0,4,4,72,75,433,147,581,false
8,3.5,0.75,4,2,64,125,151,189,342,false
2,2.0,0.0,2,2,108,121,76,229,307,false
1,2.0,0.0,2,2,41,34,73,75,150,false
1,4.0,0.0,4,4,2641,2148,460,4789,5250,false
1,2.0,0.0,2,2,144,140,68,284,354,false
3,3.3333333,0.88888884,4,2,46,94,88,140,229,false
1,1.0,0.0,1,1,52,15,61,67,130,true
1,1.0,0.0,1,1,26,26,76,52,130,false
3,1.3333334,0.22222221,2,1,54,33,65,87,154,true
1,4.0,0.0,4,4,23,87,59,110,172,true
2,2.0,1.0,3,1,700,1041,124,1741,1868,true
2,1.0,0.0,1,1,49,27,58,76,137,true
1,3.0,0.0,3,3,55,20,60,75,136,false
1,2.0,0.0,2,2,18,12,55,30,86,false
1,4.0,0.0,4,4,88,87,74,175,250,true
3,1.3333334,0.22222221,2,1,15,11,86,26,114,true
3,3.3333333,0.88888884,4,2,147,238,91,385,478,true
2,2.0,0.0,2,2,140,64,94,204,300,false
1,4.0,0.0,4,4,6,25,207,31,240,true
3,1.6666666,0.22222221,2,1,74,31,70,105,177,false
3,2.3333333,0.88888884,3,1,46,87,80,133,215,true
1,4.0,0.0,4,4,120,590,175,710,887,true
2,2.0,0.0,2,2,137,98,110,235,347,false
4,4.0,0.0,4,4,81,202,95,283,380,false
10,3.4,0.64,4,2,90,161,103,251,356,true
19,3.7894738,0.27146816,4,2,166,225,155,391,547,true
1,2.0,0.0,2,2,183,45,100,228,330,true
3,1.3333334,0.22222221,2,1,64,82,73,146,221,true
1,2.0,0.0,2,2,49,26,81,75,157,false
2,1.5,0.25,2,1,13,12,61,25,87,false
1,4.0,0.0,4,4,41,90,77,131,210,true
1,2.0,0.0,2,2,238,87,89,325,415,false
8,2.75,1.1875,4,1,77,149,114,226,343,true
1,2.0,0.0,2,2,26,23,95,49,147,false
4,2.25,0.6875,3,1,110,89,102,199,303,true
4,1.75,0.1875,2,1,836,1024,170,1860,2032,true
2,3.0,0.0,3,3,25,68,81,93,176,true
1,4.0,0.0,4,4,8,19,73,27,102,true
3,2.3333333,1.5555557,4,1,261,255,98,516,616,true
9,3.1111112,1.2098765,4,1,20,41,2762723,61,2762786,true
1,2.0,0.0,2,2,70,37,186,107,300,false
17,3.6470587,0.5813152,4,2,176,869,579,1045,1626,false
2,2.5,0.25,3,2,233,158,265,391,660,false
4,3.5,0.25,4,3,25,73,409,98,510,false
1,3.0,0.0,3,3,22,34,160,56,219,true
1,2.0,0.0,2,2,269,89,178,358,538,true
1,1.0,0.0,1,1,212,156,152,368,523,true
14,3.642857,0.5153061,4,2,193,3289,1213,3482,4698,false
1,2.0,0.0,2,2,293,35,200,328,532,false
1,4.0,0.0,4,4,47,39,138,86,227,false
1,4.0,0.0,4,4,152,61,157,213,372,false
1,3.0,0.0,3,3,319,254,254,573,829,false
3,2.0,0.6666667,3,1,20,33,140,53,197,true
8,3.75,0.1875,4,3,361,954,490,1315,1808,false
13,3.7692308,0.6390533,4,1,4455,3792,820,8247,9071,true
2,1.5,0.25,2,1,413,113,217,526,747,false
1,3.0,0.0,3,3,513,184,215,697,916,true
1,4.0,0.0,4,4,47,134,159,181,343,true
1,4.0,0.0,4,4,72,131,165,203,371,false
2,1.5,0.25,2,1,379,149,250,528,781,false
8,4.0,0.0,4,4,22,98,177,120,300,true
1,1.0,0.0,1,1,10,14,130,24,157,false
1,2.0,0.0,2,2,55,38,183,93,279,true
14,3.857143,0.12244898,4,3,26,164,226,190,419,true
1,2.0,0.0,2,2,50,21,165,71,239,false
1,1.0,0.0,1,1,60,95,295,155,452,true
5,2.2,0.55999994,3,1,276,504,269,780,1051,true
6,2.6666667,1.2222223,4,1,41,81,211,122,336,false
6,3.0,1.3333334,4,1,21,73,298,94,395,true
11,3.4545455,0.42975208,4,2,118,460,258,578,839,true
1,2.0,0.0,2,2,302,64,194,366,563,false
2,1.5,0.25,2,1,182,246,207,428,638,false
2,2.5,0.25,3,2,153,172,191,325,519,true
1,2.0,0.0,2,2,429,194,201,623,826,true
3,2.0,0.6666667,3,1,135,66,202,201,406,false
9,4.0,0.0,4,4,424,1913,834,2337,3175,true
2,4.0,0.0,4,4,667,473,268,1140,1412,false
2,1.5,0.25,2,1,354,160,200,514,717,true
9,3.8888888,0.09876543,4,3,19,84,157,103,262,true
1,4.0,0.0,4,4,10,46,152,56,211,true
2,1.5,0.25,2,1,18,17,239,35,276,true
15,3.8,0.29333332,4,2,27,149,184,176,362,true
339,3.9882007,0.017559893,4,2,336,84928,70064,85264,155330,true
1,2.0,0.0,2,2,731,97,218,828,1052,false
1,4.0,0.0,4,4,124,131,20340594,255,20340852,false
1,1.0,0.0,1,1,83,572,9493076,655,9493743,true
2,4.0,0.0,4,4,323,406,261,729,996,true
1,3.0,0.0,3,3,452,137,226,589,818,false
1,2.0,0.0,2,2,158,220,301,378,684,false
2,1.5,0.25,2,1,115,103,239,218,461,false
2,1.5,0.25,2,1,225,213,277,438,717,true
3,3.0,0.0,3,3,204,125,287,329,620,true
13,3.7692308,0.6390532,4,1,1934,2214,685,4148,4836,true
1,2.0,0.0,2,2,485,146,206,631,841,false
13,3.8461537,0.28402367,4,2,82,408,329,490,822,true
1,1.0,0.0,1,1,202,150,1029,352,1384,false
1,2.0,0.0,2,2,101,90,186,191,380,false
5,1.8,0.55999994,3,1,136,382,276,518,797,true
2,1.5,0.25,2,1,1238,718,248,1956,2207,true
6,3.0,1.3333334,4,1,355,2932,443,3287,3734,true
3,4.0,0.0,4,4,248,500,489,748,1242,false
2,3.0,0.0,3,3,323,271,1412,594,2009,false
1,2.0,0.0,2,2,131,29,185,160,349,false
1,1.0,0.0,1,1,57,95,148,152,304,false
2,3.0,1.0,4,2,1159,1582,323,2741,3067,false
1,1.0,0.0,1,1,389,161,187,550,740,true
40,4.0,0.0,4,4,144,1724,1202,1868,3073,true
1,4.0,0.0,4,4,46,414,170,460,634,true
3,3.0,0.6666667,4,2,360,357,197,717,917,true
4,2.5,0.75,3,1,26,77,174,103,281,false
9,3.1111112,0.9876544,4,1,44,160,220,204,426,true
3,2.3333333,0.22222221,3,2,531,418,284,949,1236,true
1,1.0,0.0,1,1,155,90,252,245,501,false
1,1.0,0.0,1,1,59,96,221,155,379,false
289,3.9965398,0.0034482423,4,3,38,3380,3318,3418,6739,true
5,3.8,0.16,4,3,132,88,181,220,404,true
1,2.0,0.0,2,2,118,32,158,150,310,false
2,2.5,2.25,4,1,276,285,628,561,1192,true
1,1.0,0.0,1,1,376,49,196,425,624,false
1,1.0,0.0,1,1,40,34,154,74,231,false
56,3.8214285,0.28954092,4,1,36,482,526,518,1047,false
1,2.0,0.0,2,2,152,67,132,219,353,false
1,1.0,0.0,1,1,13,11,132,24,158,true
1,2.0,0.0,2,2,213,1179,295,1392,1689,false
1,4.0,0.0,4,4,103,426,216,529,748,true
1,2.0,0.0,2,2,85,12,73566,97,73665,false
7,3.5714285,0.5306122,4,2,51,139,169,190,364,true
1,4.0,0.0,4,4,8,20,20084249,28,20084279,true
5,3.4,0.24000001,4,3,171,215,470,386,861,false
1,2.0,0.0,2,2,195,100,105,295,402,false
1,2.0,0.0,2,2,83,29,92,112,205,true
8,4.0,0.0,4,4,114,509,162,623,786,true
2,1.5,0.25,2,1,199,189,122,388,511,false
1,4.0,0.0,4,4,194,54,83,248,334,true
1,3.0,0.0,3,3,13,17,319,30,352,false
1,3.0,0.0,3,3,6,12,62,18,81,false
2,2.5,2.25,4,1,277,280,121,557,679,false
1,2.0,0.0,2,2,6,16,5643,22,5667,true
1,3.0,0.0,3,3,116,69,104,185,292,false
1,4.0,0.0,4,4,61,101,85,162,249,false
33,3.6969697,0.4536272,4,1,219,448,254,667,923,true
1,2.0,0.0,2,2,64,64,77,128,207,false
2,3.0,0.0,3,3,20,48,90,68,160,true
1,2.0,0.0,2,2,40,26,204,66,272,false
1,4.0,0.0,4,4,296,293,118,589,708,false
1,2.0,0.0,2,2,602,727,213,1329,1545,false
1,4.0,0.0,4,4,61,111,74,172,248,true
1,2.0,0.0,2,2,269,201,84,470,555,false
16,3.6875,0.33984375,4,2,202,809,143,1011,1156,true
1,1.0,0.0,1,1,30,7,411,37,449,false
6,2.5,0.9166667,4,1,82,110,85,192,279,false
1,4.0,0.0,4,4,82,107,73,189,263,true
5,3.6,0.64,4,2,44,152,90,196,287,true
1,2.0,0.0,2,2,92,40,93,132,226,false
1,3.0,0.0,3,3,64,75,104,139,245,true
9,4.0,0.0,4,4,61,154,124,215,341,true
1,2.0,0.0,2,2,155,101,176,256,433,false
3,3.3333333,0.88888884,4,2,13,44,89,57,148,false
5,4.0,0.0,4,4,363,693,230,1056,1288,false
1,2.0,0.0,2,2,20,74,675,94,772,true
1,2.0,0.0,2,2,81,17,93,98,193,false
1,4.0,0.0,4,4,471,191,328,662,992,false
1,2.0,0.0,2,2,49,46,85,95,181,true
1,2.0,0.0,2,2,33,25,77,58,137,true
2,1.5,0.25,2,1,169,53,90,222,314,true
5,3.6,0.64,4,2,11,34,77,45,125,true
1,1.0,0.0,1,1,493,134,127,627,756,true
1,1.0,0.0,1,1,51,11,159,62,222,false
4,2.0,0.0,2,2,28,16,91,44,137,true
3,3.3333333,0.88888884,4,2,102,39,102,141,245,false
5,3.8,0.16,4,3,132,1868,297,2000,2299,true
12,3.25,0.8541667,4,1,137,2685,281,2822,3105,false
1,4.0,0.0,4,4,95,18,3928878,113,3928994,false
67,3.9104478,0.14123414,4,2,123,797,487,920,1411,true
1,2.0,0.0,2,2,688,166,149,854,1006,false
2,1.5,0.25,2,1,70,39,71,109,182,true
1,2.0,0.0,2,2,6,7,269,13,284,false
1,2.0,0.0,2,2,109,35,97,144,243,false
1,1.0,0.0,1,1,16,23,63,39,104,true
2,3.5,0.25,4,3,16,18,59,34,94,true
1,2.0,0.0,2,2,72,31,62,103,167,true
1,1.0,0.0,1,1,92,13,260,105,366,false
1,1.0,0.0,1,1,33,7,63,40,105,false
1,2.0,0.0,2,2,25,21,66,46,113,false
1,1.0,0.0,1,1,61,27,169,88,263,true
1,2.0,0.0,2,2,29,19,107,48,156,false
1,4.0,0.0,4,4,8,25,122,33,157,true
1,2.0,0.0,2,2,66,29,241,95,338,true
1,1.0,0.0,1,1,310,33,86,343,431,true
1,2.0,0.0,2,2,11082,92773,35601,103855,139458,false
1,2.0,0.0,2,2,13390,93,205,13483,13694,false
2,1.0,0.0,1,1,64,42,273,106,383,false
2,2.0,0.0,2,2,70,46,98,116,215,false
3,3.3333333,0.88888884,4,2,933,339,163,1272,1437,false
1,2.0,0.0,2,2,8,37,86,45,133,true
1,2.0,0.0,2,2,114,23,83,137,222,false
2,3.0,1.0,4,2,142,352,150,494,645,false
1,2.0,0.0,2,2,7,22,155,29,186,false
1,2.0,0.0,2,2,26,44,71,70,143,true
1,4.0,0.0,4,4,32,55,83,87,172,false
1,2.0,0.0,2,2,280,96,104,376,482,false
1,1.0,0.0,1,1,16,30,69,46,117,true
1,2.0,0.0,2,2,127,72,100,199,301,false
1,2.0,0.0,2,2,18,12,85,30,117,false
1,4.0,0.0,4,4,195,117,106,312,420,true
1,1.0,0.0,1,1,182,22,161,204,368,false
1,4.0,0.0,4,4,6,28,78,34,115,true
1,2.0,0.0,2,2,136,109,98,245,345,false
1,2.0,0.0,2,2,179,142,91,321,414,true
2,3.5,0.25,4,3,10,17,92,27,120,true
2,2.5,0.25,3,2,22,23,105,45,151,false
2,2.0,1.0,3,1,65,15,139035749,80,139035831,false
1,2.0,0.0,2,2,1154,298,642,1452,2099,false
11,3.4545455,0.42975208,4,2,52,154,190,206,399,false
41,3.7560976,0.42831644,4,1,125,855,16599641,980,16600624,true
1,2.0,0.0,2,2,181,57,111,238,353,false
1,2.0,0.0,2,2,7,8,421,15,438,false
7,3.2857144,0.7755102,4,2,17,44,72,61,135,true
1,1.0,0.0,1,1,1048,240,101,1288,1390,false
1,2.0,0.0,2,2,58,55,98,113,213,true
3,2.0,0.6666667,3,1,102,155,79,257,337,true
1,2.0,0.0,2,2,50,27,66,77,144,true
3,4.0,0.0,4,4,29,51,84,80,165,true
3,3.0,0.0,3,3,88,177,79,265,346,true
1,2.0,0.0,2,2,127,127,88,254,344,false
1,2.0,0.0,2,2,63,25,70,88,159,false
1,1.0,0.0,1,1,170,27,72,197,270,false
1,2.0,0.0,2,2,7,9,57,16,75,true
1,2.0,0.0,2,2,134,68,76,202,279,false
1,4.0,0.0,4,4,19,48,71,67,140,true
2,4.0,0.0,4,4,31,119,75,150,227,true
1,4.0,0.0,4,4,91,118,92,209,303,true
2,1.5,0.25,2,1,17,9,61,26,89,false
3,2.3333333,0.22222221,3,2,136,157,36940,293,37234,true
1,3.0,0.0,3,3,100,76,167,176,347,false
16,3.25,0.8125,4,1,182,697,386,879,1267,false
1,4.0,0.0,4,4,7,81,110,88,201,true
1,1.0,0.0,1,1,14,6,66,20,88,true
1,4.0,0.0,4,4,12,23,76,35,113,true
1,1.0,0.0,1,1,341,36,85,377,464,true
1,2.0,0.0,2,2,86,75,91,161,253,true
27,3.9629629,0.035665292,4,3,71,897,409,968,1379,true
2,4.0,0.0,4,4,43,164,116,207,325,true
1,3.0,0.0,3,3,181,84,95,265,363,true
1,2.0,0.0,2,2,6,14,71,20,93,false
8,3.375,0.984375,4,1,16,49,94,65,161,true
1,1.0,0.0,1,1,17,22,89,39,130,true
1,2.0,0.0,2,2,151,20,84,171,257,false
1,1.0,0.0,1,1,212,56,93,268,363,true
1,3.0,0.0,3,3,110,48,87,158,247,true
1,2.0,0.0,2,2,412,4347,351,4759,5113,false
7,2.7142856,0.20408165,3,2,113,36,82,149,234,false
4,2.25,0.6875,3,1,35,54,266,89,357,false
1,1.0,0.0,1,1,5194,612,315,5806,6123,false
1,2.0,0.0,2,2,174,150,88,324,415,false
2,1.5,0.25,2,1,19,17,87,36,124,false
3,3.0,0.6666667,4,2,19,29,2814360,48,2814410,true
1,1.0,0.0,1,1,49,33,155,82,244,false
1,1.0,0.0,1,1,293,45,183,338,524,true
1,2.0,0.0,2,2,785,171,274,956,1233,true
1,2.0,0.0,2,2,110,36,161,146,311,false
2,1.5,0.25,2,1,33,22,276,55,334,false
1,2.0,0.0,2,2,124,177,196,301,499,true
3,1.3333334,0.22222221,2,1,1120,421,249,1541,1793,true
1,2.0,0.0,2,2,412,152,208,564,775,false
3,3.6666667,0.22222221,4,3,419,384,226,803,1032,true
1,1.0,0.0,1,1,268,115,178,383,563,false
1,2.0,0.0,2,2,140,117,162,257,422,true
43,3.9767442,0.022714999,4,3,56,736,533,792,1328,true
2,1.5,0.25,2,1,181,124,307,305,615,false
1,4.0,0.0,4,4,47,224,186,271,461,true
2,4.0,0.0,4,4,88,165,188,253,444,false
1,3.0,0.0,3,3,57,24,149,81,233,true
1,2.0,0.0,2,2,222,97,180,319,502,false
3,1.6666666,0.22222221,2,1,263,148,206,411,619,true
2,1.5,0.25,2,1,432,243,212,675,891,true
3,4.0,0.0,4,4,63,92,286,155,444,true
1,4.0,0.0,4,4,140,81,181,221,405,false
1,1.0,0.0,1,1,20,16,143,36,183,true
1,2.0,0.0,2,2,107,92,272,199,474,false
1,2.0,0.0,2,2,217,49,182,266,451,false
1,1.0,0.0,1,1,145,134,200,279,482,false
1,1.0,0.0,1,1,113,105,206,218,427,true
2,1.5,0.25,2,1,57,46,426,103,531,false
1,1.0,0.0,1,1,23,18,181,41,225,false
5,3.6,0.64,4,2,27,83,747,110,860,true
2,3.0,1.0,4,2,184,228,243,412,657,false
1,4.0,0.0,4,4,99,1681,299,1780,2083,true
1,1.0,0.0,1,1,4227,3713,488,7940,8432,false
2,3.5,0.25,4,3,654,250,275,904,1183,true
5,3.6,0.64,4,2,60,112,192,172,368,true
1,2.0,0.0,2,2,647,82,247,729,978,false
1,2.0,0.0,2,2,57,109,174,166,344,false
5,3.2,0.9599999,4,2,53,118,208,171,382,false
1,3.0,0.0,3,3,173,244,232,417,652,false
1,2.0,0.0,2,2,46,34,191,80,273,true
1,2.0,0.0,2,2,429,208,246,637,885,false
1,1.0,0.0,1,1,14,18,439,32,475,true
1,1.0,0.0,1,1,100,89,249,189,441,false
1,2.0,0.0,2,2,90,42,2704436,132,2704570,false
1,1.0,0.0,1,1,1179,267,397,1446,1851,false
44,3.909091,0.12809926,4,2,236,3652,1310,3888,5201,true
4,3.5,0.75,4,2,627,311,1470,938,2412,false
2,1.5,0.25,2,1,29,64,247,93,343,true
1,3.0,0.0,3,3,910,202,423,1112,1537,false
1,2.0,0.0,2,2,199,67,192,266,462,false
3,3.3333333,0.88888884,4,2,58,93,170,151,324,true
1,2.0,0.0,2,2,53,33,296,86,385,false
1,1.0,0.0,1,1,257,231,258,488,748,false
7,3.7142856,0.4897959,4,2,324,1789,413,2113,2529,true
1,1.0,0.0,1,1,154,26,221,180,405,false
1,2.0,0.0,2,2,452,66,194,518,714,false
3,1.3333334,0.22222221,2,1,412,549,204,961,1167,true
2,2.0,0.0,2,2,43,66,563,109,675,true
1,3.0,0.0,3,3,55764,5919,1592,61683,63278,false
1,4.0,0.0,4,4,594,1074,207,1668,1879,true
6,3.1666667,0.47222224,4,2,185,120,99,305,406,true
1,2.0,0.0,2,2,939,294,119,1233,1354,true
5,3.8,0.16,4,3,28,32,83,60,145,true
2,4.0,0.0,4,4,211,221,122,432,555,false
1,1.0,0.0,1,1,149,47,88,196,286,false
1,2.0,0.0,2,2,149,23,75,172,249,false
2,2.0,0.0,2,2,33,16,80,49,130,false
1,4.0,0.0,4,4,27,55,78,82,162,false
4,2.25,0.6875,3,1,79,42,80,121,203,true
1,1.0,0.0,1,1,20,38,71,58,131,true
3,2.6666667,0.22222221,3,2,8,13,81,21,104,true
1,2.0,0.0,2,2,545,36,146,581,728,false
6,3.3333333,0.22222221,4,3,217,249,141,466,609,true
1,4.0,0.0,4,4,18,56,88,74,165,true
1,1.0,0.0,1,1,132,72,96,204,302,false
28,3.9642856,0.034438796,4,3,64,347,281,411,693,false
7,2.7142856,1.0612245,4,1,97,124,94,221,317,true
108,4.0,0.0,4,4,44,1654,1098,1698,2798,true
1,4.0,0.0,4,4,58,480,97,538,637,true
1,2.0,0.0,2,2,106,95,105,201,308,false
4,3.0,0.0,3,3,98,31,95,129,225,false
1,2.0,0.0,2,2,59,32,76,91,169,false
2,2.0,0.0,2,2,18,16,89,34,126,false
3,3.6666667,0.22222221,4,3,146,345,19905745,491,19906238,true
1,1.0,0.0,1,1,250,35,176,285,466,true
1,3.0,0.0,3,3,15,29,564,44,611,false
4,3.0,1.0,4,2,53,100,238,153,395,false
1,2.0,0.0,2,2,545,123,194,668,865,false
3,2.0,0.6666667,3,1,654,324,208,978,1189,true
2,1.5,0.25,2,1,196,133,172,329,505,true
2,2.0,0.0,2,2,21,23,129,44,176,true
1,4.0,0.0,4,4,1702,795,522,2497,3022,false
1,2.0,0.0,2,2,101,16,133,117,254,false
1,1.0,0.0,1,1,337,113,182,450,634,true
3,3.3333333,0.88888884,4,2,1204,2494,19105286,3698,19108987,false
3,1.6666666,0.22222221,2,1,197,278,156,475,635,false
1,4.0,0.0,4,4,14,24,69,38,109,false
1,2.0,0.0,2,2,116,20,99,136,237,false
1,1.0,0.0,1,1,181,190,131,371,504,false
1,2.0,0.0,2,2,51,34,60,85,147,false
1,1.0,0.0,1,1,10,6,65,16,83,true
4,3.25,0.6875,4,2,175,191,1317,366,1685,true
1,1.0,0.0,1,1,72,69,112,141,255,false
1,1.0,0.0,1,1,341,32,244,373,619,true
1,1.0,0.0,1,1,26,6,94,32,127,false
1,2.0,0.0,2,2,73,40,114,113,229,true
2,2.0,0.0,2,2,11,15,73,26,102,true
2,4.0,0.0,4,4,1450,389,139,1839,1980,true
1,1.0,0.0,1,1,45,7,76,52,130,true
1,4.0,0.0,4,4,208,72,100,280,383,true
1,1.0,0.0,1,1,163,16,82,179,263,true
1,1.0,0.0,1,1,36,29,71,65,138,true
1,4.0,0.0,4,4,24,65,74,89,165,false
19,3.8947368,0.19944593,4,2,23,256,181,279,462,true
1,2.0,0.0,2,2,99,44,133,143,278,false
1,2.0,0.0,2,2,122,21,82,143,226,false
1,1.0,0.0,1,1,8,9,341,17,360,false
1,2.0,0.0,2,2,83,16,85,99,186,false
3,3.3333333,0.88888884,4,2,12,36,347,48,398,false
1,1.0,0.0,1,1,33,7,99,40,141,false
1,2.0,0.0,2,2,28,16,977,44,1023,false
1,4.0,0.0,4,4,6,31,84,37,123,true
1,2.0,0.0,2,2,167,57,103,224,328,false
1,4.0,0.0,4,4,8,16,82,24,108,false
1,2.0,0.0,2,2,14,22,76,36,113,false
2,3.0,0.0,3,3,1106,144,2562063,1250,2563316,false
1,1.0,0.0,1,1,41,68,107,109,220,true
1,3.0,0.0,3,3,34,79,64,113,178,true
1,1.0,0.0,1,1,6,7,106,13,120,false
3,3.0,0.6666667,4,2,462,686,154,1148,1304,true
3519,3.993464,0.008765857,4,1,29,14435,21166,14464,35632,true
2,2.0,0.0,2,2,76,120,10045,196,10246,true
2,2.0,0.0,2,2,32,48,152,80,237,false
4,2.75,1.1875,4,1,72,133,110,205,316,false
2,3.0,0.0,3,3,122,49,77,171,250,true
2,3.0,0.0,3,3,38,48,203,86,292,true
2,4.0,0.0,4,4,92,45,79,137,218,true
1,1.0,0.0,1,1,17,25,74,42,117,false
1,1.0,0.0,1,1,21,6,73,27,102,true
1,4.0,0.0,4,4,105,103,74,208,284,true
2,4.0,0.0,4,4,14574,15416,1476,29990,31468,false
1,1.0,0.0,1,1,124,619,155,743,901,true
3,2.0,0.0,2,2,92,60,89,152,244,true
1,2.0,0.0,2,2,41,28,68,69,138,false
10,4.0,0.0,4,4,145,347,134,492,628,true
1,1.0,0.0,1,1,53,12,77,65,144,true
1,2.0,0.0,2,2,93,43,74,136,211,false
2,2.5,0.25,3,2,32,27,74,59,135,false
9,3.2222223,0.61728394,4,2,151,949,122,1100,1223,true
2,2.0,0.0,2,2,202,146,130,348,479,true
14,3.4285715,0.5306121,4,2,21,86,104,107,212,true
4,2.75,1.6875,4,1,36,51,84,87,172,false
31,3.935484,0.12486993,4,2,9,128,194,137,333,true
1,4.0,0.0,4,4,5,33,73,38,114,true
1,2.0,0.0,2,2,133,94,88,227,317,false
1,2.0,0.0,2,2,256,98,92,354,448,false
1,1.0,0.0,1,1,8,11,69,19,90,true
3,3.3333333,0.88888884,4,2,50,289,85,339,425,false
1,4.0,0.0,4,4,54,63,79,117,198,false
2,2.0,0.0,2,2,39,10,159,49,210,false
1,3.0,0.0,3,3,19,26,78,45,125,false
37,3.945946,0.051132195,4,3,34,351,279,385,665,false
1,1.0,0.0,1,1,39,62,99,101,202,true
2,1.5,0.25,2,1,10,8,73,18,93,true
3,2.0,0.0,2,2,109,38,165,147,313,false
1,2.0,0.0,2,2,54,15,83,69,154,true
1,4.0,0.0,4,4,5,13,73,18,92,true
5,2.6,0.24000001,3,2,47,78,87,125,213,true
1,3.0,0.0,3,3,53,35,91,88,180,true
56,3.392857,0.59566325,4,1,42,322,290,364,656,false
4,3.25,0.6875,4,2,11,76,87,87,176,true
1,1.0,0.0,1,1,210,21,3262843,231,3263076,false
1,1.0,0.0,1,1,301,25,98,326,428,true
1,2.0,0.0,2,2,143,30,70,173,247,true
1,1.0,0.0,1,1,16,22,52,38,92,true
2,1.5,0.25,2,1,122,206,120,328,450,false
1,1.0,0.0,1,1,19,27,116,46,164,false
1,4.0,0.0,4,4,25,89,63,114,179,true
9,3.0,1.1111112,4,1,125,352,116,477,595,true
11,3.909091,0.08264461,4,3,46,218,115,264,381,true
1,2.0,0.0,2,2,165,51,93,216,311,false
3,4.0,0.0,4,4,82,264,90,346,438,true
1,1.0,0.0,1,1,63,9,60,72,134,false
3,3.3333333,0.88888884,4,2,429,653,207,1082,1290,true
7,3.142857,1.2653062,4,1,192,434,108,626,736,true
6,3.1666667,0.8055555,4,2,79,215,152,294,448,false
1,2.0,0.0,2,2,23,23,80,46,128,false
6,4.0,0.0,4,4,37,255,223,292,517,true
4,3.25,0.6875,4,2,31,28,72,59,133,true
1,4.0,0.0,4,4,7,15,137,22,160,true
8,3.875,0.109375,4,3,36,147,113,183,298,false
1,2.0,0.0,2,2,223,27,92,250,344,false
2,4.0,0.0,4,4,596,705,230,1301,1533,false
5,3.2,0.16,4,3,72,39,131,111,245,false
1,1.0,0.0,1,1,23,42,113,65,180,false
1,2.0,0.0,2,2,5,6,162,11,176,true
1,2.0,0.0,2,2,21,21,64,42,108,false
3,2.3333333,0.88888884,3,1,194,190,92,384,477,true
1,1.0,0.0,1,1,7,12,71,19,92,false
1,2.0,0.0,2,2,33,30,68,63,133,false
3,3.0,0.6666667,4,2,9,21,79,30,111,false
2,1.5,0.25,2,1,12,11,284,23,309,false
1,2.0,0.0,2,2,4610,2001,604,6611,7217,false
11,3.6363637,0.41322315,4,2,365,219,153,584,740,true
2,2.0,0.0,2,2,67,18,79,85,166,true
7,3.7142856,0.20408164,4,3,60,253,113,313,428,true
2,2.0,0.0,2,2,126,202,159,328,489,false
1,2.0,0.0,2,2,26,52,77,78,156,false
9,3.6666667,0.44444454,4,2,17,68,95,85,181,false
9,4.0,0.0,4,4,48,140,113,188,304,false
1,2.0,0.0,2,2,26,46,91,72,164,false
25,3.92,0.15359989,4,2,136,934,21252197,1070,21253268,false
1,2.0,0.0,2,2,293,57,118,350,474,false
6,3.1666667,0.8055556,4,2,170,91,84,261,347,false
1,2.0,0.0,2,2,124,41,2244,165,2411,false
1,1.0,0.0,1,1,217,74,851,291,1149,false
3,2.0,0.6666667,3,1,226,683,184,909,1095,false
1,2.0,0.0,2,2,123,46,130,169,301,false
1,2.0,0.0,2,2,38,14,2826784,52,2826838,true
1,1.0,0.0,1,1,90,46,150,136,290,false
3,2.3333333,1.5555557,4,1,45,71,99,116,217,true
2,2.5,0.25,3,2,241,209,140,450,592,false
16,3.5,0.75,4,1,58,720,291,778,1071,true
9,3.4444444,0.691358,4,2,146,421,150,567,719,false
1,2.0,0.0,2,2,61,26,102,87,192,false
10,3.7,0.41,4,2,72,268,120,340,461,true
1,4.0,0.0,4,4,305,159,99,464,566,true
1,4.0,0.0,4,4,194,47,219,241,462,false
27,4.0,0.0,4,4,25,405,447,430,879,true
1,2.0,0.0,2,2,34,103,85,137,224,false
1,4.0,0.0,4,4,8,17,109,25,136,true
2,3.0,0.0,3,3,171,114,81,285,367,true
1,2.0,0.0,2,2,56,116,79,172,254,false
1,3.0,0.0,3,3,14,17,219,31,252,false
1,1.0,0.0,1,1,22,38,137,60,199,true
1,3.0,0.0,3,3,131,36,75,167,244,true
2,1.5,0.25,2,1,97,46,72,143,217,false
1,3.0,0.0,3,3,20,28,141,48,190,true
2,1.5,0.25,2,1,212,612,122,824,949,false
2,1.0,0.0,1,1,50,56,82,106,189,true
2,1.5,0.25,2,1,74,18,1543,92,1637,false
81,4.0,0.0,4,4,20,534,561,554,1116,true
5,3.6,0.64,4,2,281,319,116,600,719,true
1,2.0,0.0,2,2,18,16,67,34,102,false
7,3.142857,0.6938776,4,2,53,259,89,312,404,true
4,3.75,0.1875,4,3,39,77,82,116,200,false
4,3.0,1.5,4,1,37,95,85,132,219,true
1,3.0,0.0,3,3,429,196,120,625,746,true
4,2.5,1.25,4,1,102,87,80,189,271,true
2,2.0,0.0,2,2,282,180,92,462,556,false
1,1.0,0.0,1,1,21,42,68,63,133,true
1,2.0,0.0,2,2,63,56,430,119,550,false
1,1.0,0.0,1,1,57,18,147,75,224,true
1,2.0,0.0,2,2,1411,1019,589,2430,3021,false
11,3.2727273,0.92561984,4,1,222,275,165,497,665,true
1,3.0,0.0,3,3,172,87,102,259,363,true
1,2.0,0.0,2,2,48,18,78,66,145,false
1,2.0,0.0,2,2,6,8,77,14,92,true
1,4.0,0.0,4,4,4,10,80,14,96,true
11,3.2727273,1.107438,4,1,45,128,95,173,270,false
4,2.5,1.25,4,1,62,66,4167208,128,4167338,true
2,2.5,0.25,3,2,607,557,291,1164,1462,false
6,3.0,1.0,4,1,1718,7282,423,9000,9426,true
7,3.5714285,0.24489796,4,3,56,285,257,341,602,false
1,2.0,0.0,2,2,54,24,160,78,241,false
1,1.0,0.0,1,1,111,59,383,170,555,true
1,2.0,0.0,2,2,622,196,324,818,1146,false
1,4.0,0.0,4,4,2006,641,404,2647,3055,false
1,1.0,0.0,1,1,728,185,219,913,1135,true
2,2.0,0.0,2,2,9794,19530,1310,29324,30636,true
1,1.0,0.0,1,1,101,454,395,555,954,true
1,4.0,0.0,4,4,15,35,113,50,165,true
5,3.2,0.56,4,2,127,148,147,275,424,true
57,3.9298246,0.06525081,4,3,267,3063,646,3330,3979,true
2,3.0,0.0,3,3,1232,264,111,1496,1609,true
6,3.1666667,0.8055555,4,2,47,46,73,93,168,true
1,2.0,0.0,2,2,21,23,71,44,117,false
1,2.0,0.0,2,2,38,9,65,47,114,true
1,2.0,0.0,2,2,10,14,90,24,115,false
1,2.0,0.0,2,2,116,25,72,141,215,true
1,1.0,0.0,1,1,10,12,254,22,278,false
1,2.0,0.0,2,2,5,5,419,10,431,false
5,2.2,0.55999994,3,1,45,73,95,118,215,true
9,3.5555556,0.69135803,4,2,77,313,134,390,525,true
1,2.0,0.0,2,2,35,8,94,43,138,false
1,2.0,0.0,2,2,8,9,76,17,95,false
2,2.0,0.0,2,2,60,37,90,97,189,true
1,4.0,0.0,4,4,6,14,84,20,105,true
1,1.0,0.0,1,1,103,48,92,151,245,false
10,3.2,0.9599999,4,1,7,40,83,47,132,true
3,2.3333333,1.5555557,4,1,103,57,86,160,247,true
1,2.0,0.0,2,2,59,49,82,108,192,true
2,4.0,0.0,4,4,147,162,540,309,851,false
1,2.0,0.0,2,2,9,11,133,20,155,false
1,2.0,0.0,2,2,177,300,248,477,727,false
2,2.0,1.0,3,1,23,21,89,44,135,false
1,4.0,0.0,4,4,5,12,79,17,98,true
2,2.0,0.0,2,2,581,38,99,619,720,true
14,3.857143,0.12244899,4,3,10,64,101,74,176,true
2,1.5,0.25,2,1,19,8,70,27,98,true
1,1.0,0.0,1,1,23,7,27324742,30,27324774,false
3,3.6666667,0.22222221,4,3,222,310,375,532,913,false
3,3.0,0.6666667,4,2,676,760,429,1436,1869,false
2,2.5,0.25,3,2,154,116,508,270,782,false
1,1.0,0.0,1,1,91,19,484,110,598,false
3,3.0,0.6666667,4,2,85,215,239,300,542,false
1,1.0,0.0,1,1,14,18,123,32,158,true
1,4.0,0.0,4,4,77,236,142,313,457,true
1,1.0,0.0,1,1,49,33,189,82,274,false
3,2.0,0.6666667,3,1,22,33,143,55,200,true
1,2.0,0.0,2,2,1281,2297,1460,3578,5041,true
1,3.0,0.0,3,3,71,295,156,366,525,true
1,1.0,0.0,1,1,280,48,183,328,513,false
1,2.0,0.0,2,2,21,24,189,45,237,false
2,2.0,0.0,2,2,12,18,174,30,206,true
1,1.0,0.0,1,1,644,414,920,1058,1980,false
7,3.2857144,0.20408164,4,3,115,317,249,432,684,true
33,3.969697,0.029384756,4,3,31,759,658,790,1451,true
1,2.0,0.0,2,2,1243,274,239,1517,1759,false
1,2.0,0.0,2,2,574,134,185,708,897,false
1,2.0,0.0,2,2,155,50,192,205,400,false
1,1.0,0.0,1,1,49,71,178,120,301,false
3,3.0,0.6666667,4,2,366,444,245,810,1057,true
1,3.0,0.0,3,3,1070,433,280,1503,1787,true
2,2.5,2.25,4,1,143,85,379,228,611,true
1,2.0,0.0,2,2,3848,658,303,4506,4812,false
1,1.0,0.0,1,1,146,76,266,222,492,false
1,2.0,0.0,2,2,18,19,172,37,212,false
13,2.9230769,1.147929,4,1,29,112,211,141,355,true
2,2.0,0.0,2,2,41,59,193,100,296,false
1,1.0,0.0,1,1,398,39,228,437,668,false
1,3.0,0.0,3,3,123,154,231,277,511,true
1,1.0,0.0,1,1,242,140,198,382,583,true
1,2.0,0.0,2,2,4038,1543,664,5581,6248,false
1,2.0,0.0,2,2,1780,1784,348,3564,3916,false
1,1.0,0.0,1,1,119,46,155,165,324,true
1,2.0,0.0,2,2,1198,202,273,1400,1674,false
2,1.5,0.25,2,1,236,62,12057360,298,12057661,false
1,2.0,0.0,2,2,718,1597,170,2315,2489,true
1,2.0,0.0,2,2,90,50,117,140,259,true
1,2.0,0.0,2,2,8,9,120,17,138,false
2,2.0,0.0,2,2,59,45,87,104,193,true
6,2.8333333,1.138889,4,1,17,36,3150761,53,3150816,true
3,1.6666666,0.22222221,2,1,873,158,139,1031,1174,false
1,2.0,0.0,2,2,37,22,60,59,121,false
1,1.0,0.0,1,1,108,15,56,123,181,false
1,1.0,0.0,1,1,145,20,83,165,249,true
10,3.9,0.09000001,4,3,81,168,170,249,420,false
1,2.0,0.0,2,2,88,33,69,121,191,false
3,2.6666667,0.22222221,3,2,206,211,86,417,504,true
1,2.0,0.0,2,2,25,22,305,47,354,false
6,2.6666667,1.2222223,4,1,15,27,69,42,112,false
1,3.0,0.0,3,3,597,201,94,798,895,false
2,1.5,0.25,2,1,123,18,76,141,219,true
1,2.0,0.0,2,2,32,27,60,59,121,true
1,3.0,0.0,3,3,198,35,108,233,342,true
1,2.0,0.0,2,2,84,53,99,137,239,true
4,3.25,0.1875,4,3,21,62,125,83,210,false
3,2.0,0.6666667,3,1,13,14,277,27,306,true
2,2.0,0.0,2,2,349,412,136,761,900,false
1,2.0,0.0,2,2,93,78,175,171,348,false
9,3.7777777,0.39506164,4,2,32,71,86,103,191,false
3,4.0,0.0,4,4,36,54,89,90,180,true
1,2.0,0.0,2,2,22,11,71,33,106,false
3,4.0,0.0,4,4,13,26,64,39,105,true
11,3.6363637,0.5950412,4,2,391,1392,340,1783,2124,false
1,4.0,0.0,4,4,28,166,105,194,302,true
2,2.0,0.0,2,2,212,135,139,347,489,true
7,2.7142856,1.0612243,4,1,80,128,93,208,302,true
1,4.0,0.0,4,4,27,98,114,125,241,true
1,4.0,0.0,4,4,23,74,70,97,169,true
1,1.0,0.0,1,1,19,34,83,53,138,true
1,2.0,0.0,2,2,375,88,95,463,560,false
2,1.0,0.0,1,1,76,31,77,107,186,true
4,3.25,0.6875,4,2,11,31,77,42,121,false
1,4.0,0.0,4,4,481,103,147,584,733,false
1,3.0,0.0,3,3,6,28,82,34,119,true
1,1.0,0.0,1,1,4,6,64,10,75,true
1,2.0,0.0,2,2,7,7,63,14,79,false
1,4.0,0.0,4,4,189,122,249,311,561,true
1,1.0,0.0,1,1,128,19,81,147,230,true
1,2.0,0.0,2,2,138,16,139,154,295,false
1,4.0,0.0,4,4,7,30,84,37,123,true
1,4.0,0.0,4,4,128,22,79,150,230,true
6,3.3333333,0.5555555,4,2,51,168,104,219,324,false
3,2.3333333,0.88888884,3,1,40,53,89,93,184,false
37,3.5405405,0.518627,4,1,171,2108,3345535,2279,3347816,true
2,2.0,0.0,2,2,240,109,160,349,513,false
27,3.7037036,0.5048011,4,1,107,479,218,586,806,true
2,2.5,2.25,4,1,72,34,131,106,240,false
1,3.0,0.0,3,3,31,24,62,55,119,true
1,2.0,0.0,2,2,216,50,78,266,345,true
1,2.0,0.0,2,2,82,23,66,105,173,false
1,1.0,0.0,1,1,56,20,96,76,173,false
4,3.25,0.6875,4,2,33,76,92,109,202,true
1,1.0,0.0,1,1,54,22,58,76,136,false
3,3.0,0.6666667,4,2,423,742,183,1165,1350,true
31,3.967742,0.031217482,4,3,39,146,134,185,322,true
1,2.0,0.0,2,2,25,7,58,32,91,false
1,2.0,0.0,2,2,327,62,101,389,492,false
2,2.0,0.0,2,2,38,21,114,59,175,false
1,4.0,0.0,4,4,24,46,70,70,142,true
3,2.3333333,0.88888884,3,1,1834,686,263,2520,2785,false
1,2.0,0.0,2,2,220,68,83,288,373,false
4,1.5,0.25,2,1,71,44,86,115,202,true
1,1.0,0.0,1,1,53,13,64,66,133,true
1,4.0,0.0,4,4,9,20,69,29,101,true
1,2.0,0.0,2,2,14,7,59,21,81,false
4,3.0,1.0,4,2,48,99,83,147,231,false
1,2.0,0.0,2,2,119,54,77,173,252,false
3,1.3333334,0.22222221,2,1,18,14,96,32,130,true
6,2.3333333,0.22222221,3,2,66,238,119,304,425,true
1,1.0,0.0,1,1,5,14,64,19,85,false
8,3.5,0.75,4,2,33,213,117,246,365,false
5,2.4,0.24000001,3,2,120,174,115,294,410,true
2,2.0,0.0,2,2,86,77,76,163,241,true
4,2.0,0.0,2,2,14,11,82,25,109,true
1,2.0,0.0,2,2,91,37,82,128,211,false
1,1.0,0.0,1,1,35,33,102,68,173,false
1,2.0,0.0,2,2,157,74,84,231,317,false
1,2.0,0.0,2,2,63,15,72,78,152,false
1,2.0,0.0,2,2,6,9,86,15,103,false
4,3.25,0.6875,4,2,120,218,108,338,448,true
18,3.7222223,0.31172836,4,2,282,132,128,414,543,false
1,1.0,0.0,1,1,413,47,97,460,558,false
1,4.0,0.0,4,4,145,231,105,376,483,false
1,2.0,0.0,2,2,9,11,74,20,96,false
2,1.5,0.25,2,1,49,62,82,111,194,true
3,1.3333334,0.22222221,2,1,22,12,79,34,115,true
1,1.0,0.0,1,1,167,49,3386877,216,3387094,true
1,1.0,0.0,1,1,392,45,548,437,992,false
1,4.0,0.0,4,4,70,108,446,178,627,false
1,2.0,0.0,2,2,40,28,225,68,297,false
1,1.0,0.0,1,1,140,425,267,565,835,false
1,2.0,0.0,2,2,66,31,149,97,250,false
3,3.3333333,0.88888884,4,2,292,558,240,850,1093,false
1,2.0,0.0,2,2,236,61,177,297,477,true
5,2.8,1.3599999,4,1,59,111,165,170,338,true
3,1.6666666,0.22222221,2,1,36,35,156,71,230,true
2,2.0,0.0,2,2,190,164,176,354,533,true
1,2.0,0.0,2,2,508,174,381,682,1068,false
1,2.0,0.0,2,2,77,34,303,111,418,false
2,2.0,0.0,2,2,449,291,291,740,1033,false
1,1.0,0.0,1,1,382,112,164,494,662,false
2,4.0,0.0,4,4,167,213,278,380,661,true
1,2.0,0.0,2,2,207,70,185,277,464,false
1,2.0,0.0,2,2,96,56,196,152,352,false
1,1.0,0.0,1,1,13,14,148,27,178,false
1,2.0,0.0,2,2,66,172,159,238,400,true
1,2.0,0.0,2,2,70,38,146,108,257,false
1,2.0,0.0,2,2,31,26,141,57,200,false
1,3.0,0.0,3,3,13,26,147,39,188,false
2,3.5,0.25,4,3,838,1389,327,2227,2556,false
3,1.6666666,0.22222221,2,1,3315,2531,497,5846,6346,true
1,1.0,0.0,1,1,583,154,326,737,1068,true
1,4.0,0.0,4,4,76,70,285,146,435,true
1,2.0,0.0,2,2,48,60,177,108,288,false
4,3.75,0.1875,4,3,39,78,396,117,516,false
1,2.0,0.0,2,2,169,72,182,241,426,true
1,2.0,0.0,2,2,18,18,195,36,234,false
3,3.0,0.6666667,4,2,517,221,251,738,991,true
1,2.0,0.0,2,2,151,105,200,256,459,false
1,4.0,0.0,4,4,15,43,163,58,224,true
1,4.0,0.0,4,4,24523,7266,789,31789,32581,false
2,2.0,0.0,2,2,60,215,145,275,423,true
1,1.0,0.0,1,1,76,14,94,90,187,true
1,1.0,0.0,1,1,49,19,76,68,146,false
1,3.0,0.0,3,3,1701,437,194,2138,2334,true
4,3.75,0.1875,4,3,175,125,40570759,300,40571061,false
1,2.0,0.0,2,2,1438,1503,680,2941,3625,false
3,1.6666666,0.22222221,2,1,407,35,2559994,442,2560439,true
1,2.0,0.0,2,2,47,29,85,76,166,true
1,3.0,0.0,3,3,93,56,80,149,230,true
1,4.0,0.0,4,4,242,374,204,616,821,false
3,2.3333333,1.5555557,4,1,98,71,79,169,251,true
1,3.0,0.0,3,3,7,14,67,21,89,true
1,4.0,0.0,4,4,5,20,55,25,82,true
1,1.0,0.0,1,1,128,22,73,150,225,false
1,4.0,0.0,4,4,50,117,81,167,250,true
