num_patterns,average_pattern_depth,variance_pattern_depth,max_pattern_depth,min_pattern_depth,enumeration_time,typegen_time,solver_time,processing_time,total_time,program_gen_time,result
12,2.8333333,0.13888888,3,2,1392,430,8008,1005159,1041809,448,Sat
1,1.0,0.0,1,1,1392,430,576985,0,601590,508,Unknown
27,2.851852,0.12620029,3,2,1392,430,3915,756230,765863,446,Sat
1,3.0,0.0,3,3,1392,430,3103,748426,755896,499,Sat
2,2.0,1.0,3,1,928,514,81049,754238,845329,523,Sat
1,3.0,0.0,3,3,928,514,3282,757289,765114,527,Sat
4,2.5,0.25,3,2,928,514,8662,744565,763869,536,Sat
1,3.0,0.0,3,3,928,514,7832,760907,778879,552,Sat
1,3.0,0.0,3,3,928,514,3306,746517,754303,524,Sat
9,2.8888888,0.09876542,3,2,214,30,2880,49369832,49376782,33,Unsat
6,3.0,0.0,3,3,214,30,8942,715438,732212,51,Sat
2,3.0,0.0,3,3,214,30,504378,0,508477,41,Unknown
1,2.0,0.0,2,2,214,30,181707,722012,909904,54,Sat
1,3.0,0.0,3,3,268,120,7074,843679,854928,125,Unsat
1,2.0,0.0,2,2,268,120,9071,842816,861323,134,Unsat
1,1.0,0.0,1,1,167,275,3980,863004,871210,279,Unsat
4,2.75,0.1875,3,2,641,105,8120,778710,796229,117,Unsat
2,3.0,0.0,3,3,641,105,5711,835448,845171,123,Unsat
2,3.0,0.0,3,3,641,105,4801,897452,906320,120,Unsat
5,2.8,0.16,3,2,546,77,12047,752238,768906,83,Sat
2,3.0,0.0,3,3,546,77,13179,757070,780247,98,Sat
2,2.5,0.25,3,2,546,77,635063,0,656987,90,Unknown
1,3.0,0.0,3,3,546,77,7183,757191,768893,107,Sat
24,3.0,0.0,3,3,2156,87,503881,0,513974,100,Unknown
41,2.9756098,0.023795344,3,2,2156,87,3591,760163,768689,166,Sat
7,2.857143,0.12244899,3,2,2156,87,503746,0,511412,205,Unknown
2,3.0,0.0,3,3,2156,87,12059,743864,760058,122,Sat
2,3.0,0.0,3,3,2156,87,26396,754688,791013,105,Sat
3,2.6666667,0.22222221,3,2,2156,87,4048,724254,732552,95,Sat
1,3.0,0.0,3,3,2156,87,9813,737884,757409,109,Sat
1,2.0,0.0,2,2,467,88,7115,845869,862179,95,Unsat
1,3.0,0.0,3,3,467,88,3212,841269,848523,93,Unsat
9,2.8888888,0.098765425,3,2,1560,264,4604,832083,841267,296,Unsat
4,2.75,0.1875,3,2,1560,264,627581,0,647238,328,Unknown
1,3.0,0.0,3,3,1560,264,4410,752081,763305,434,Sat
1,3.0,0.0,3,3,1560,264,503665,0,512732,277,Unknown
1,3.0,0.0,3,3,631,51,3300,840427,847554,55,Unsat
1,2.0,0.0,2,2,631,51,3051,819052,826108,59,Unsat
1,2.0,0.0,2,2,371,152,4632,848501,857316,158,Unsat
1,3.0,0.0,3,3,371,152,5366,855889,865398,160,Unsat
3,2.3333333,0.22222221,3,2,229,61,3148,783826,791177,68,Unsat
2,3.0,0.0,3,3,229,61,8790,752959,771668,75,Sat
1,2.0,0.0,2,2,229,61,3659,749893,757902,70,Sat
2,3.0,0.0,3,3,229,61,4262,743656,752253,66,Sat
23,2.6956522,0.21172021,3,2,557,66,9556,746051,766174,77,Sat
8,2.875,0.109375,3,2,557,66,7125,754860,772020,108,Sat
2,2.5,0.25,3,2,557,66,10777,756814,777278,88,Sat
2,1.5,0.25,2,1,557,66,3120,766202,773534,79,Sat
1,3.0,0.0,3,3,557,66,8303,758184,776156,73,Sat
1,3.0,0.0,3,3,557,66,3278,760618,768060,71,Sat
1,3.0,0.0,3,3,607,889,11215,852421,873500,908,Unsat
1,2.0,0.0,2,2,607,889,2911,838441,845683,909,Unsat
8,2.875,0.109375,3,2,249,57,6158,796889,812378,64,Unsat
1,3.0,0.0,3,3,249,57,3470,730546,738087,74,Sat
1,3.0,0.0,3,3,501,173,4156,838784,847257,183,Unsat
1,2.0,0.0,2,2,501,173,3032,849892,857111,191,Unsat
4,1.75,0.1875,2,1,481,72,3516,777916,785542,76,Unsat
5,3.0,0.0,3,3,481,72,9246,739129,752814,83,Sat
1,2.0,0.0,2,2,481,72,2893,747129,754271,86,Sat
2,2.0,0.0,2,2,149,141,2852,782746,789697,146,Unsat
1,1.0,0.0,1,1,175,430,4308,868902,877571,434,Unsat
1,1.0,0.0,1,1,148,40,2728,808185,814958,41,Unsat
1,2.0,0.0,2,2,320,132,6423,740709,751522,137,Sat
1,2.0,0.0,2,2,320,132,14158,732586,756722,143,Sat
1,3.0,0.0,3,3,320,132,593761,0,603174,139,Unknown
1,1.0,0.0,1,1,320,132,6034,731998,750901,152,Sat
13,2.9230769,0.07100592,3,2,438,75,8591,818051,831294,87,Unsat
2,2.5,0.25,3,2,438,75,13503,741648,764987,131,Sat
2,2.5,0.25,3,2,349,88,6820,761717,777735,96,Unsat
1,3.0,0.0,3,3,349,88,11230,833715,854278,101,Unsat
1,3.0,0.0,3,3,349,88,3213,829639,836940,97,Unsat
1,1.0,0.0,1,1,158,168,4136,860013,868237,172,Unsat
2,2.5,0.25,3,2,158,41,2597,759374,765946,43,Unsat
1,2.0,0.0,2,2,158,41,3243,725076,732405,49,Sat
1,3.0,0.0,3,3,158,41,7540,733388,750342,53,Sat
13,2.8461537,0.13017748,3,2,543,210,15957,825845,847128,224,Unsat
1,3.0,0.0,3,3,543,210,5004,766136,775926,261,Sat
1,3.0,0.0,3,3,543,210,33461,764462,808554,225,Sat
2,3.0,0.0,3,3,338,77,7817,837928,854995,92,Unsat
1,3.0,0.0,3,3,338,77,3614,835424,843153,86,Unsat
1,2.0,0.0,2,2,338,77,2750,822721,829461,86,Unsat
2,2.5,0.25,3,2,721,68,3083,849653,856852,73,Unsat
1,3.0,0.0,3,3,721,68,4581,837597,846256,79,Unsat
1,3.0,0.0,3,3,721,68,3659,835297,843010,79,Unsat
1,2.0,0.0,2,2,187,49,2730,814886,821542,52,Unsat
1,3.0,0.0,3,3,187,49,3051,840579,847574,55,Unsat
1,2.0,0.0,2,2,167,170,5339,834791,844213,173,Unsat
2,2.5,0.25,3,2,596,57,3641,754034,761776,65,Unsat
2,3.0,0.0,3,3,596,57,4379,763321,771853,70,Unsat
2,1.0,0.0,1,1,353,552,7130,749206,766006,563,Sat
1,1.0,0.0,1,1,353,552,3001,718976,726261,558,Sat
9,2.8888888,0.09876541,3,2,243,61,4136,762316,770880,66,Sat
6,2.8333333,0.13888888,3,2,243,61,13472,729907,753641,85,Sat
4,2.75,0.1875,3,2,243,61,9749,740674,760615,81,Sat
2,3.0,0.0,3,3,243,61,12422,746423,768825,77,Sat
1,3.0,0.0,3,3,243,61,30972,754252,794924,73,Sat
1,3.0,0.0,3,3,560,323,43348,880729,933530,331,Unsat
2,2.5,0.25,3,2,560,323,31500,783527,819488,333,Unsat
1,3.0,0.0,3,3,560,323,13532,851618,869425,338,Unsat
1,1.0,0.0,1,1,152,40,5590,808600,822987,44,Unsat
1,3.0,0.0,3,3,465,503,25223,856378,891135,520,Unsat
1,2.0,0.0,2,2,465,503,20414,849900,879807,522,Unsat
6,3.0,0.0,3,3,530,1129,8141,879281,897109,1146,Unsat
1,3.0,0.0,3,3,530,1129,5661,748542,758636,1151,Sat
2,3.0,0.0,3,3,530,1129,10772,750956,771796,1140,Sat
4,2.75,0.1875,3,2,530,1129,26598,741317,772517,1138,Sat
1,3.0,0.0,3,3,530,1129,18917,743842,772758,1148,Sat
1,2.0,0.0,2,2,530,1129,9016,762687,781701,1140,Sat
11,2.6363637,0.41322306,3,1,429,83,9935,735531,755469,93,Sat
5,2.8,0.16,3,2,429,83,4999,753229,762563,99,Sat
18,2.6666667,0.22222227,3,2,429,83,3344,727601,735405,97,Sat
3,3.0,0.0,3,3,429,83,11751,777650,799121,133,Sat
9,2.4444444,0.2469136,3,2,429,83,8353,746105,764384,100,Sat
2,2.0,0.0,2,2,429,83,20456,752583,777267,98,Sat
1,3.0,0.0,3,3,429,83,3310,740847,748354,91,Sat
7,2.857143,0.12244899,3,2,648,327,624092,0,639519,343,Unknown
8,2.625,0.234375,3,2,648,327,21291,830069,862744,413,Unsat
1,3.0,0.0,3,3,648,327,7189,757292,772506,378,Sat
1,3.0,0.0,3,3,515,58,3493,852110,859615,61,Unsat
1,2.0,0.0,2,2,515,58,5844,819034,832288,68,Unsat
1,3.0,0.0,3,3,1042,153,12478,890490,907215,180,Unsat
3,2.6666667,0.22222221,3,2,1042,153,10276,790763,810961,249,Unsat
5,3.0,0.0,3,3,308,30,4036,745686,753892,38,Sat
3,2.6666667,0.22222221,3,2,308,30,3398,716748,724377,44,Sat
4,2.75,0.1875,3,2,308,30,6999,708646,725238,46,Sat
1,3.0,0.0,3,3,308,30,3106,714263,721476,43,Sat
2,3.0,0.0,3,3,308,30,3373,737325,744801,38,Sat
1,1.0,0.0,1,1,238,65,16741,721781,742806,68,Sat
4,2.75,0.1875,3,2,238,65,8035,752352,770189,73,Sat
1,3.0,0.0,3,3,238,65,3142,753195,760519,77,Sat
1,2.0,0.0,2,2,238,65,7002,761752,778464,75,Sat
2,2.5,0.25,3,2,771,238,77598,748553,835666,248,Sat
3,3.0,0.0,3,3,771,238,14137,761058,785600,253,Sat
2,2.5,0.25,3,2,771,238,4048,750819,759303,259,Sat
3,2.0,0.6666667,3,1,373,76,5434,846122,855686,82,Unsat
1,2.0,0.0,2,2,373,76,3071,739554,746865,86,Sat
2,2.0,0.0,2,2,177,115,2766,848298,855138,119,Unsat
3,3.0,0.0,3,3,636,247,13360,743400,761332,255,Sat
3,2.6666667,0.22222221,3,2,636,247,9805,732940,753088,265,Sat
1,3.0,0.0,3,3,636,247,9505,743926,758009,260,Sat
3,2.6666667,0.22222221,3,2,636,247,14947,740841,760674,254,Sat
1,3.0,0.0,3,3,636,247,8667,743053,756241,263,Sat
1,1.0,0.0,1,1,423,1089,15763,766247,792537,1101,Sat
1,3.0,0.0,3,3,423,1089,19134,756102,785705,1096,Sat
1,2.0,0.0,2,2,423,1089,8186,749184,762050,1097,Sat
1,2.0,0.0,2,2,423,1089,3353,767487,775405,1095,Sat
1,2.0,0.0,2,2,585,941,30276,853934,894279,954,Unsat
1,3.0,0.0,3,3,585,941,11330,863563,879223,948,Unsat
5,2.8,0.16,3,2,3621,291,632465,0,650801,323,Unknown
2,3.0,0.0,3,3,3621,291,14474,865424,884416,429,Unsat
1,3.0,0.0,3,3,3621,291,11509,836864,862959,357,Unsat
1,2.0,0.0,2,2,351,25,2447,824490,830823,27,Unsat
2,3.0,0.0,3,3,351,25,2621,826329,832848,30,Unsat
1,3.0,0.0,3,3,351,25,2672,821683,828295,34,Unsat
1,2.0,0.0,2,2,134,45,2601,838753,845273,49,Unsat
1,1.0,0.0,1,1,158,83,2673,804739,811405,85,Unsat
1,2.0,0.0,2,2,1083,151,3475,758273,766107,157,Sat
5,2.8,0.16,3,2,1083,151,8710,741057,760135,162,Sat
11,2.909091,0.082644604,3,2,1083,151,4511,754863,764214,176,Sat
1,3.0,0.0,3,3,1083,151,25178,750627,785867,240,Sat
3,2.3333333,0.88888884,3,1,437,118,12884,860861,878149,123,Unsat
1,2.0,0.0,2,2,437,118,3302,751130,759025,132,Sat
3,1.6666666,0.22222221,2,1,160,25,2425,767001,773276,28,Unsat
1,1.0,0.0,1,1,504,1304,10753,745242,766155,1327,Sat
5,2.2,0.16,3,2,504,1304,6167,733843,748328,1311,Sat
1,2.0,0.0,2,2,504,1304,3321,757016,764696,1317,Sat
7,2.857143,0.12244898,3,2,291,58,6591,783086,799014,66,Unsat
6,2.8333333,0.13888888,3,2,291,58,2781,782519,789371,78,Unsat
1,3.0,0.0,3,3,291,58,34738,719896,758851,74,Sat
1,3.0,0.0,3,3,291,58,7940,725959,743343,68,Sat
1,1.0,0.0,1,1,118,29,2665,827237,833858,31,Unsat
2,2.0,0.0,2,2,1578,273,16142,869649,890662,356,Unsat
2,2.0,0.0,2,2,1578,273,16010,812794,837377,466,Unsat
8,2.75,0.1875,3,2,412,67,3108,799439,806737,72,Unsat
8,2.875,0.109375,3,2,412,67,8518,745397,763941,109,Sat
2,3.0,0.0,3,3,412,67,5760,751901,761974,92,Sat
2,3.0,0.0,3,3,412,67,3689,746648,754606,77,Sat
1,2.0,0.0,2,2,257,946,9751,836999,856309,956,Unsat
2,3.0,0.0,3,3,603,271,8639,752746,765839,286,Sat
5,2.6,0.24000001,3,2,603,271,18994,826610,855510,305,Unsat
1,2.0,0.0,2,2,250,139,11077,833704,854274,147,Unsat
1,3.0,0.0,3,3,250,139,16253,861860,887643,158,Unsat
6,3.0,0.0,3,3,313,109,3775,801720,809856,116,Unsat
1,2.0,0.0,2,2,313,109,3246,867664,875179,134,Unsat
1,3.0,0.0,3,3,313,109,36358,756463,797368,122,Sat
1,3.0,0.0,3,3,377,47,6070,710266,724117,57,Sat
5,3.0,0.0,3,3,377,47,505186,0,509328,54,Unknown
13,2.9230769,0.07100592,3,2,377,47,2870,742785,749886,68,Sat
1,2.0,0.0,2,2,377,47,7129,724750,741292,80,Sat
7,3.0,0.0,3,3,377,47,7602,725279,742570,58,Sat
1,3.0,0.0,3,3,377,47,4147,740092,748322,62,Sat
1,3.0,0.0,3,3,377,47,8070,720237,737723,58,Sat
1,1.0,0.0,1,1,185,36,2884,752615,759580,38,Sat
1,2.0,0.0,2,2,185,36,2769,723916,730768,41,Sat
1,1.0,0.0,1,1,180,98,3131,845610,852908,100,Unsat
2,3.0,0.0,3,3,474,202,29680,852835,892273,213,Unsat
2,2.5,0.25,3,2,474,202,5670,779628,789681,218,Unsat
1,1.0,0.0,1,1,165,79,2705,813612,820243,81,Unsat
1,3.0,0.0,3,3,320,84,6101,765826,776252,89,Sat
2,1.5,0.25,2,1,320,84,3228,738202,745773,91,Sat
1,3.0,0.0,3,3,320,84,8406,757800,776024,93,Sat
1,2.0,0.0,2,2,320,84,8925,745621,764435,93,Sat
2,2.5,0.25,3,2,320,84,7175,736993,753981,93,Sat
1,1.0,0.0,1,1,129,165,3076,840883,848078,167,Unsat
5,3.0,0.0,3,3,728,93,15279,875994,895766,100,Unsat
4,2.75,0.1875,3,2,728,93,18114,790452,818643,130,Unsat
1,2.0,0.0,2,2,136,87,2386,825310,831624,90,Unsat
3,2.6666667,0.22222221,3,2,221,22,2394,767391,773711,25,Unsat
1,3.0,0.0,3,3,221,22,2705,823382,829991,29,Unsat
2,2.0,0.0,2,2,235,178,2878,782705,789747,184,Unsat
4,1.75,0.1875,2,1,226,99,5557,799904,809794,103,Unsat
1,1.0,0.0,1,1,131,75,2635,833362,840136,76,Unsat
2,2.5,0.25,3,2,186,21,2401,821151,827475,24,Unsat
2,3.0,0.0,3,3,186,21,2589,837708,844223,28,Unsat
1,2.0,0.0,2,2,192,152,2657,861182,867882,155,Unsat
1,3.0,0.0,3,3,192,152,7344,857959,874645,161,Unsat
1,2.0,0.0,2,2,213,75,5021,744985,754316,77,Sat
1,1.0,0.0,1,1,213,75,6916,757333,772117,83,Sat
2,1.0,0.0,1,1,225,59,3132,831004,838103,61,Unsat
5,2.8,0.16,3,2,375,69,7209,723839,740702,78,Sat
9,2.8888888,0.09876541,3,2,375,69,3664,725333,733285,80,Sat
3,3.0,0.0,3,3,375,69,9023,780217,798909,92,Sat
1,3.0,0.0,3,3,375,69,7772,744130,761444,82,Sat
1,2.0,0.0,2,2,375,69,2918,728078,735079,74,Sat
5,2.8,0.16,3,2,818,480,5491,768072,778438,499,Sat
6,2.6666667,0.22222221,3,2,818,480,505551,0,510250,527,Unknown
1,3.0,0.0,3,3,818,480,7014,766593,778318,527,Sat
1,3.0,0.0,3,3,818,480,46339,735088,791221,510,Sat
1,3.0,0.0,3,3,818,480,31667,750000,792202,503,Sat
3,2.3333333,0.22222221,3,2,314,84,4536,744296,753266,87,Sat
5,2.4,0.24000001,3,2,314,84,8562,735613,754309,99,Sat
1,3.0,0.0,3,3,314,84,3997,733160,741472,98,Sat
1,3.0,0.0,3,3,314,84,623197,0,635210,91,Unknown
1,1.0,0.0,1,1,311,30,2887,719337,728163,31,Sat
3,2.3333333,0.22222221,3,2,311,30,6558,725698,741672,38,Sat
3,2.3333333,0.22222221,3,2,311,30,5167,737137,749839,40,Sat
1,1.0,0.0,1,1,179,137,3877,853393,861436,145,Unsat
2,2.0,1.0,3,1,679,127,5104,737265,746975,137,Sat
3,3.0,0.0,3,3,679,127,3569,749963,758156,151,Sat
7,2.5714285,0.24489796,3,2,679,127,3290,733133,741138,174,Sat
1,2.0,0.0,2,2,196,48,4980,726958,739341,49,Sat
1,1.0,0.0,1,1,196,48,2675,707972,714697,53,Sat
1,2.0,0.0,2,2,196,48,2722,710528,717226,53,Sat
2,1.5,0.25,2,1,254,196,9567,860067,873994,204,Unsat
1,3.0,0.0,3,3,254,196,3460,762672,770852,204,Sat
3,3.0,0.0,3,3,451,89,7706,794163,806081,93,Unsat
1,2.0,0.0,2,2,451,89,5179,832279,841640,101,Unsat
1,2.0,0.0,2,2,613,984,3727,868027,876146,1024,Unsat
1,3.0,0.0,3,3,613,984,8738,862418,879392,1044,Unsat
3,3.0,0.0,3,3,911,524,631401,0,641404,539,Unknown
5,2.8,0.16,3,2,911,524,630725,0,646582,554,Unknown
1,3.0,0.0,3,3,911,524,627917,0,637838,573,Unknown
1,2.0,0.0,2,2,911,524,4500,764439,773641,553,Sat
1,2.0,0.0,2,2,911,524,4471,756808,766148,533,Sat
4,2.5,0.25,3,2,276,26,2753,714118,721043,36,Sat
2,1.5,0.25,2,1,276,26,3195,746332,753701,36,Sat
1,2.0,0.0,2,2,276,26,6340,735658,768837,36,Sat
1,2.0,0.0,2,2,231,510,18622,863510,892284,519,Unsat
2,2.5,0.25,3,2,356,230,3755,862305,870282,241,Unsat
1,2.0,0.0,2,2,356,230,3459,736704,744575,249,Sat
1,2.0,0.0,2,2,356,230,11484,751784,773288,252,Sat
3,2.0,0.6666667,3,1,513,123,4235,866592,875162,131,Unsat
2,2.5,0.25,3,2,513,123,4954,750164,759594,145,Sat
1,1.0,0.0,1,1,178,75,5831,815695,830423,78,Unsat
1,2.0,0.0,2,2,379,294,9371,831791,850379,302,Unsat
1,2.0,0.0,2,2,379,294,3968,845948,853987,305,Unsat
8,2.75,0.1875,3,2,442,132,12619,820695,843273,142,Unsat
2,3.0,0.0,3,3,442,132,621197,0,645147,161,Unknown
3,2.6666667,0.22222221,3,2,332,107,3501,791038,801615,116,Unsat
1,3.0,0.0,3,3,332,107,4170,836488,844834,127,Unsat
1,1.0,0.0,1,1,132,146,3266,815343,822663,149,Unsat
1,3.0,0.0,3,3,226,50,3207,750785,758239,53,Sat
2,2.0,0.0,2,2,226,50,4740,727150,736153,57,Sat
3,2.6666667,0.22222221,3,2,226,50,2908,842972,849914,57,Unsat
1,2.0,0.0,2,2,232,57,3195,807926,815120,60,Unsat
1,3.0,0.0,3,3,232,57,549255,0,559138,67,Unknown
2,2.5,0.25,3,2,440,127,2728,847996,854656,130,Unsat
1,2.0,0.0,2,2,440,127,2871,759641,766679,141,Sat
18,2.9444444,0.052469157,3,2,1408,208,646412,0,666410,226,Unknown
9,3.0,0.0,3,3,1408,208,625410,0,635658,303,Unknown
1,2.0,0.0,2,2,1408,208,504893,0,512700,249,Unknown
3,3.0,0.0,3,3,1408,208,8973,778314,792161,235,Sat
3,2.0,0.0,2,2,380,96,6234,778346,792837,101,Unsat
1,3.0,0.0,3,3,380,96,615471,0,625146,110,Unknown
1,1.0,0.0,1,1,238,44,2591,813116,819592,47,Unsat
4,2.0,0.5,3,1,346,175,4448,785474,794318,180,Unsat
3,2.3333333,0.22222221,3,2,346,175,7443,736755,754140,186,Sat
3,2.6666667,0.22222221,3,2,541,130,31506,745496,787093,137,Sat
3,3.0,0.0,3,3,541,130,9581,723960,743654,152,Sat
4,3.0,0.0,3,3,541,130,10539,728400,747262,144,Sat
1,2.0,0.0,2,2,541,130,3796,797523,805681,149,Sat
1,3.0,0.0,3,3,541,130,9297,740969,760302,140,Sat
1,3.0,0.0,3,3,541,130,7034,744668,756086,135,Sat
1,2.0,0.0,2,2,541,130,3966,738440,746694,137,Sat
1,1.0,0.0,1,1,194,297,7704,837137,854108,303,Unsat
1,2.0,0.0,2,2,216,193,2906,845544,852718,199,Unsat
5,2.4,0.24000001,3,2,672,77,6924,735642,746938,84,Sat
1,1.0,0.0,1,1,672,77,5729,753882,763861,94,Sat
4,2.75,0.1875,3,2,672,77,618802,0,633235,86,Unknown
4,2.25,0.6875,3,1,316,30,2992,736067,743160,33,Sat
2,3.0,0.0,3,3,316,30,3135,743025,750334,39,Sat
1,2.0,0.0,2,2,316,30,7492,705974,723013,40,Sat
2,2.0,0.0,2,2,316,30,2944,718834,725926,36,Sat
5,3.0,0.0,3,3,213,25,503479,0,507611,28,Unknown
3,3.0,0.0,3,3,213,25,504263,0,508159,49,Unknown
2,3.0,0.0,3,3,213,25,503615,0,507593,41,Unknown
4,3.0,0.0,3,3,213,25,3296,757163,764513,48,Sat
3,2.6666667,0.22222221,3,2,213,25,2776,866596,873408,35,Unsat
1,2.0,0.0,2,2,213,25,3084,732422,739626,32,Sat
17,2.6470587,0.34602073,3,1,1035,186,19618,752316,782633,198,Sat
11,2.6363637,0.23140496,3,2,1035,186,11762,767526,789734,230,Sat
1,1.0,0.0,1,1,1035,186,3323,751625,759406,204,Sat
1,1.0,0.0,1,1,186,42,2736,835254,842083,43,Unsat
1,1.0,0.0,1,1,341,245,10754,854179,869574,252,Unsat
1,3.0,0.0,3,3,1604,2456,4346,843056,851714,2502,Unsat
1,3.0,0.0,3,3,1604,2456,6700,840814,851781,2487,Unsat
1,3.0,0.0,3,3,1604,2456,10843,835845,856453,2500,Unsat
1,2.0,0.0,2,2,1604,2456,5260,842591,855726,2498,Unsat
1,2.0,0.0,2,2,352,326,2700,836152,843002,330,Unsat
1,2.0,0.0,2,2,257,189,20633,837498,866220,204,Unsat
5,2.0,0.0,2,2,1822,753,7217,752412,764708,808,Sat
1,1.0,0.0,1,1,1822,753,13632,742969,767410,901,Sat
1,3.0,0.0,3,3,1822,753,10334,751566,772675,802,Sat
2,1.0,0.0,1,1,271,35,2691,717637,724396,37,Sat
1,1.0,0.0,1,1,271,35,2770,707663,714526,40,Sat
6,2.0,0.33333334,3,1,432,167,13172,780443,803553,177,Unsat
3,2.6666667,0.22222221,3,2,432,167,5352,742901,752849,181,Sat
1,3.0,0.0,3,3,432,167,7890,783458,795776,180,Sat
1,2.0,0.0,2,2,166,110,2776,843160,850044,113,Unsat
1,2.0,0.0,2,2,214,76,4057,847647,855723,80,Unsat
1,2.0,0.0,2,2,214,76,8999,838507,856744,89,Unsat
3,2.6666667,0.22222221,3,2,318,137,2705,789538,796374,157,Unsat
1,3.0,0.0,3,3,318,137,7288,831671,848270,203,Unsat
1,1.0,0.0,1,1,149,107,4764,844191,853266,109,Unsat
6,2.8333333,0.13888888,3,2,298,41,3135,729003,736437,45,Sat
1,2.0,0.0,2,2,298,41,8092,718212,735798,61,Sat
4,3.0,0.0,3,3,298,41,13011,722719,745535,64,Sat
2,3.0,0.0,3,3,298,41,5904,751125,764794,57,Sat
3,3.0,0.0,3,3,298,41,7295,749070,765990,53,Sat
2,2.5,0.25,3,2,298,41,7125,771299,788008,54,Sat
1,3.0,0.0,3,3,298,41,3067,751583,758792,48,Sat
1,2.0,0.0,2,2,166,30,5718,854595,869184,35,Unsat
3,2.6666667,0.22222221,3,2,387,89,2934,862693,869745,96,Unsat
3,2.6666667,0.22222221,3,2,387,89,3063,863783,871087,103,Unsat
2,2.5,0.25,3,2,387,89,3312,747380,755083,101,Sat
1,3.0,0.0,3,3,387,89,3253,748949,756477,100,Sat
1,1.0,0.0,1,1,306,193,6250,822277,837517,201,Unsat
2,3.0,0.0,3,3,347,197,40217,762161,807475,205,Sat
3,3.0,0.0,3,3,347,197,657720,0,667620,210,Unknown
1,3.0,0.0,3,3,347,197,13225,762015,789543,233,Sat
2,2.5,0.25,3,2,347,197,9498,872947,886991,210,Unsat
5,3.0,0.0,3,3,2694,135,652970,0,663070,151,Unknown
6,3.0,0.0,3,3,2694,135,6541,813067,824345,201,Unsat
5,2.8,0.16,3,2,2694,135,3923,820658,842778,189,Unsat
2,3.0,0.0,3,3,2694,135,503866,0,508488,186,Unknown
1,2.0,0.0,2,2,292,19,2329,826204,832228,24,Unsat
1,3.0,0.0,3,3,292,19,2556,827190,833635,24,Unsat
4,1.75,0.1875,2,1,528,662,11354,861579,877435,678,Unsat
1,2.0,0.0,2,2,528,662,10066,742634,757348,691,Sat
2,2.0,0.0,2,2,528,662,20649,747334,776599,683,Sat
2,2.0,0.0,2,2,528,662,25735,746305,782908,692,Sat
1,2.0,0.0,2,2,290,207,13080,854185,876825,213,Unsat
1,3.0,0.0,3,3,290,207,6043,748625,759091,218,Sat
1,3.0,0.0,3,3,290,207,5916,738134,748529,217,Sat
5,3.0,0.0,3,3,595,153,614931,0,629544,170,Unknown
3,2.6666667,0.22222221,3,2,595,153,6323,851293,861786,192,Unsat
5,2.8,0.16,3,2,595,153,5864,732716,743145,175,Sat
1,3.0,0.0,3,3,595,153,602550,0,615604,180,Unknown
1,3.0,0.0,3,3,595,153,3081,742370,749670,183,Sat
1,1.0,0.0,1,1,119,207,5257,825066,837738,209,Unsat
1,2.0,0.0,2,2,188,74,4120,830969,839205,77,Unsat
1,2.0,0.0,2,2,432,899,9738,839715,858807,914,Unsat
2,3.0,0.0,3,3,813,229,611824,0,626847,245,Unknown
4,2.75,0.1875,3,2,813,229,6395,799939,812958,281,Unsat
6,3.0,0.0,3,3,813,229,628366,0,638450,259,Unknown
4,2.75,0.1875,3,2,1234,128,11858,754481,770892,139,Sat
6,3.0,0.0,3,3,1234,128,12702,740308,763556,153,Sat
3,2.6666667,0.22222221,3,2,1234,128,21501,750478,780428,170,Sat
2,2.5,0.25,3,2,1234,128,4576,750239,759294,142,Sat
2,2.5,0.25,3,2,548,636,15934,837022,862395,661,Unsat
1,2.0,0.0,2,2,548,636,3093,741993,749369,652,Sat
2,2.5,0.25,3,2,417,85,4684,741049,749921,89,Sat
6,2.3333333,0.5555556,3,1,417,85,610213,0,619776,95,Unknown
2,2.5,0.25,3,2,417,85,4127,749070,757371,109,Sat
1,2.0,0.0,2,2,355,218,9126,860255,876904,227,Unsat
1,2.0,0.0,2,2,355,218,4266,846794,855126,229,Unsat
1,2.0,0.0,2,2,140,51,3135,832165,839457,55,Unsat
1,2.0,0.0,2,2,165,116,4206,835170,843505,118,Unsat
2,2.5,0.25,3,2,406,479,16068,729372,755537,494,Sat
2,2.5,0.25,3,2,406,479,3601,734304,742249,488,Sat
1,1.0,0.0,1,1,118,70,3232,816136,823330,72,Unsat
17,2.8823528,0.103806235,3,2,1093,129,609280,0,622934,140,Unknown
5,3.0,0.0,3,3,1093,129,621683,0,631641,216,Unknown
1,3.0,0.0,3,3,1093,129,7266,739525,751233,175,Sat
2,2.5,0.25,3,2,1093,129,4052,750853,759569,139,Sat
1,3.0,0.0,3,3,1093,129,3677,754338,762551,142,Sat
2,1.5,0.25,2,1,268,226,6761,863746,879880,234,Unsat
1,3.0,0.0,3,3,341,26,6690,731235,742100,29,Sat
1,1.0,0.0,1,1,341,26,2970,720978,727997,33,Sat
5,2.4,0.24000001,3,2,341,26,6437,712705,728548,34,Sat
3,2.6666667,0.22222221,3,2,341,26,8844,756667,774920,40,Sat
15,2.8666666,0.11555555,3,2,399,52,4906,753979,774379,61,Sat
3,3.0,0.0,3,3,399,52,8974,758895,772290,83,Sat
5,2.8,0.16,3,2,399,52,13928,757691,781935,69,Sat
11,2.909091,0.08264461,3,2,301,108,10046,731384,751845,116,Sat
1,1.0,0.0,1,1,301,108,3955,733016,741336,124,Sat
5,2.8,0.16,3,2,301,108,8975,740571,759767,117,Sat
1,2.0,0.0,2,2,301,108,9140,761888,781087,125,Sat
3,2.6666667,0.22222221,3,2,301,108,6717,755782,770593,115,Sat
1,2.0,0.0,2,2,182,125,6816,856999,872793,131,Unsat
1,1.0,0.0,1,1,162,142,3827,829927,837851,144,Unsat
4,3.0,0.0,3,3,2599,769,32679,889242,933344,949,Unsat
5,2.8,0.16,3,2,2599,769,18404,787068,810724,965,Unsat
1,2.0,0.0,2,2,346,68,2967,836233,843268,70,Unsat
4,1.5,0.25,2,1,169,51,2787,777656,784522,54,Unsat
1,2.0,0.0,2,2,180,103,4087,742589,750928,106,Sat
1,1.0,0.0,1,1,180,103,3270,760906,768449,110,Sat
3,1.6666666,0.22222221,2,1,559,226,5305,855611,865125,233,Unsat
1,3.0,0.0,3,3,559,226,3589,736660,744635,241,Sat
1,2.0,0.0,2,2,161,189,2750,844711,851575,192,Unsat
1,2.0,0.0,2,2,210,81,3041,857357,864518,87,Unsat
2,3.0,0.0,3,3,210,81,3934,772913,780943,92,Unsat
1,2.0,0.0,2,2,210,81,2758,831379,838250,96,Unsat
3,2.3333333,0.22222221,3,2,290,71,586217,0,595325,76,Unknown
1,3.0,0.0,3,3,290,71,5196,779105,788518,99,Sat
8,2.875,0.109375,3,2,498,88,6553,805809,822085,95,Unsat
1,3.0,0.0,3,3,498,88,5725,771449,781412,109,Sat
3,2.3333333,0.22222221,3,2,558,204,6647,786811,802927,214,Unsat
2,3.0,0.0,3,3,558,204,3395,758831,766500,215,Sat
1,1.0,0.0,1,1,231,582,13536,838914,862124,590,Unsat
1,2.0,0.0,2,2,151,152,3544,830243,843140,156,Unsat
1,1.0,0.0,1,1,265,221,5492,744895,754983,226,Sat
1,2.0,0.0,2,2,265,221,18433,762769,791720,229,Sat
1,2.0,0.0,2,2,265,221,7376,739961,757690,232,Sat
1,3.0,0.0,3,3,265,221,7082,745480,757170,227,Sat
1,1.0,0.0,1,1,211,360,6973,827852,844146,368,Unsat
3,3.0,0.0,3,3,536,31,585132,0,594506,43,Unknown
30,2.9333334,0.062222227,3,2,536,31,2490,830774,837816,63,Unsat
3,2.6666667,0.22222221,3,2,445,132,7888,755324,774414,139,Sat
1,1.0,0.0,1,1,445,132,7545,735441,752603,149,Sat
5,2.4,0.24000001,3,2,445,132,11023,750956,771966,143,Sat
1,3.0,0.0,3,3,445,132,7860,748876,766332,153,Sat
1,1.0,0.0,1,1,140,42,2663,821389,827981,44,Unsat
1,1.0,0.0,1,1,346,130,3479,748433,756491,134,Sat
1,3.0,0.0,3,3,346,130,18778,747260,776377,139,Sat
2,2.5,0.25,3,2,346,130,631758,0,643921,138,Unknown
1,2.0,0.0,2,2,346,130,8659,739526,752848,144,Sat
1,1.0,0.0,1,1,208,176,3866,838202,846309,181,Unsat
1,1.0,0.0,1,1,137,66,3684,824447,832206,68,Unsat
1,3.0,0.0,3,3,193,25,4563,718651,727305,27,Sat
5,2.8,0.16,3,2,193,25,6362,796091,811735,37,Unsat
2,3.0,0.0,3,3,193,25,6026,743276,753501,37,Sat
1,3.0,0.0,3,3,193,25,12430,717533,739477,39,Sat
1,2.0,0.0,2,2,150,67,3870,833999,841892,69,Unsat
1,1.0,0.0,1,1,152,103,3826,827623,835645,105,Unsat
1,1.0,0.0,1,1,155,172,2619,838098,844748,176,Unsat
3,2.0,0.0,2,2,248,99,3069,727691,735157,109,Sat
1,2.0,0.0,2,2,248,99,6745,745527,760178,127,Sat
2,2.0,0.0,2,2,248,99,3218,720900,728443,111,Sat
6,2.8333333,0.13888888,3,2,764,89,18041,804749,827403,96,Unsat
2,3.0,0.0,3,3,764,89,505149,0,514511,126,Unknown
1,3.0,0.0,3,3,764,89,504355,0,508460,121,Unknown
5,2.8,0.16,3,2,427,35,4072,728745,736947,37,Sat
17,3.0,0.0,3,3,427,35,43344,766649,819555,50,Sat
33,2.969697,0.029384756,3,2,427,35,8552,759253,779148,80,Sat
10,3.0,0.0,3,3,427,35,13935,767941,792192,101,Sat
1,3.0,0.0,3,3,427,35,20686,746857,777320,62,Sat
1,2.0,0.0,2,2,427,35,3767,739362,747348,42,Sat
3,2.6666667,0.22222221,3,2,11044,684,9204,752547,774754,906,Sat
2,2.5,0.25,3,2,11044,684,55094,860457,926250,1041,Unsat
1,3.0,0.0,3,3,11044,684,15783,762161,787344,923,Sat
1,1.0,0.0,1,1,387,320,4601,851394,860197,324,Unsat
2,2.0,1.0,3,1,342,183,14774,840176,864621,189,Unsat
1,3.0,0.0,3,3,342,183,5928,729710,740137,193,Sat
1,2.0,0.0,2,2,342,183,5884,731726,741916,191,Sat
1,3.0,0.0,3,3,342,183,5786,749267,759416,191,Sat
2,2.5,0.25,3,2,1160,159,17778,734523,762510,167,Sat
3,2.6666667,0.22222221,3,2,1160,159,8311,767928,780855,168,Sat
1,3.0,0.0,3,3,1160,159,7583,744405,761928,179,Sat
1,2.0,0.0,2,2,131,52,3199,811203,818335,54,Unsat
1,2.0,0.0,2,2,219,276,12005,864988,886423,283,Unsat
1,2.0,0.0,2,2,180,39,5616,821467,835982,43,Unsat
1,3.0,0.0,3,3,180,39,2524,820576,826971,44,Unsat
1,1.0,0.0,1,1,260,148,16328,760690,787107,157,Sat
2,2.5,0.25,3,2,260,148,14522,755098,779820,157,Sat
2,2.5,0.25,3,2,260,148,6649,751354,762478,156,Sat
1,2.0,0.0,2,2,260,148,3648,738352,746452,156,Sat
58,2.8965516,0.09274675,3,2,476,38,3019,753696,762091,47,Sat
1,2.0,0.0,2,2,476,38,6905,727348,743835,109,Sat
6,2.3333333,0.5555556,3,1,476,38,4906,730206,739417,45,Sat
2,2.5,0.25,3,2,476,38,2964,722336,729464,47,Sat
1,3.0,0.0,3,3,476,38,6927,724066,740532,48,Sat
1,3.0,0.0,3,3,476,38,6973,734091,750587,46,Sat
1,2.0,0.0,2,2,240,93,3021,751778,759246,95,Sat
2,1.5,0.25,2,1,240,93,7078,735452,752614,102,Sat
1,1.0,0.0,1,1,240,93,3036,714509,721971,99,Sat
1,3.0,0.0,3,3,264,32,504058,0,508126,40,Unknown
10,3.0,0.0,3,3,264,32,3307,789072,796440,58,Unsat
1,2.0,0.0,2,2,264,32,2763,833075,839869,69,Unsat
2,3.0,0.0,3,3,378,252,6143,731216,741827,260,Sat
1,2.0,0.0,2,2,378,252,4811,749344,758644,266,Sat
3,2.3333333,0.22222221,3,2,378,252,2693,865696,872574,263,Unsat
1,3.0,0.0,3,3,378,252,9082,764187,783256,270,Sat
4,2.0,0.0,2,2,554,253,606080,0,615927,259,Unknown
3,1.6666666,0.22222221,2,1,554,253,8927,856858,870114,292,Unsat
2,2.0,0.0,2,2,554,253,8654,746738,759912,267,Sat
1,2.0,0.0,2,2,375,597,14719,847536,872022,616,Unsat
1,3.0,0.0,3,3,375,597,9728,853883,867926,615,Unsat
1,3.0,0.0,3,3,592,102,8744,744842,758039,110,Sat
15,2.9333334,0.062222216,3,2,592,102,42687,855958,909160,121,Unsat
6,2.3333333,0.5555556,3,1,1477,703,34405,810786,853631,720,Unsat
5,2.6,0.24000001,3,2,1477,703,10428,750694,772392,742,Sat
2,2.0,0.0,2,2,1477,703,42821,779843,833056,740,Sat
1,1.0,0.0,1,1,246,312,5500,851481,861538,321,Unsat
1,2.0,0.0,2,2,206,82,2922,831292,838244,87,Unsat
9,3.0,0.0,3,3,1434,159,636708,0,648823,173,Unknown
18,2.8888888,0.09876541,3,2,1434,159,3699,779416,788626,280,Sat
5,3.0,0.0,3,3,1434,159,13067,754301,772163,205,Sat
1,2.0,0.0,2,2,1434,159,17629,753740,785000,202,Sat
1,1.0,0.0,1,1,182,126,3753,836010,843939,128,Unsat
1,1.0,0.0,1,1,119,108,5911,823225,833477,114,Unsat
4,2.25,0.6875,3,1,299,149,13405,810489,831839,156,Unsat
1,3.0,0.0,3,3,299,149,18089,746023,774173,165,Sat
2,3.0,0.0,3,3,331,217,606982,0,624407,230,Unknown
1,3.0,0.0,3,3,331,217,7458,835119,846823,256,Unsat
1,2.0,0.0,2,2,331,217,6782,837528,848571,233,Unsat
5,3.0,0.0,3,3,591,69,4537,789160,798164,74,Unsat
3,2.6666667,0.22222221,3,2,591,69,3534,778523,786407,93,Unsat
2,1.5,0.25,2,1,541,830,9875,864981,884463,847,Unsat
1,2.0,0.0,2,2,262,57,2944,839128,846134,63,Unsat
1,3.0,0.0,3,3,262,57,3624,842881,850646,65,Unsat
2,1.5,0.25,2,1,604,216,7606,874202,886312,222,Unsat
2,2.5,0.25,3,2,604,216,37726,753848,802138,228,Sat
4,2.75,0.1875,3,2,604,216,9101,794479,808298,225,Sat
2,2.5,0.25,3,2,604,216,34059,754176,798126,237,Sat
1,3.0,0.0,3,3,258,90,7530,751779,763727,95,Sat
2,2.5,0.25,3,2,258,90,13127,800433,823143,105,Unsat
1,3.0,0.0,3,3,258,90,7656,752275,764379,103,Sat
1,2.0,0.0,2,2,258,90,15104,854568,879176,105,Unsat
1,3.0,0.0,3,3,258,90,8254,742549,755278,100,Sat
1,2.0,0.0,2,2,223,127,2676,835249,842019,134,Unsat
1,3.0,0.0,3,3,223,127,3256,839583,846979,135,Unsat
1,2.0,0.0,2,2,281,140,2957,740485,747652,147,Sat
1,2.0,0.0,2,2,281,140,2985,752878,760204,147,Sat
1,2.0,0.0,2,2,281,140,7149,743005,759887,154,Sat
1,2.0,0.0,2,2,305,232,5812,826090,841012,244,Unsat
1,3.0,0.0,3,3,326,352,24145,845720,879557,362,Unsat
1,2.0,0.0,2,2,326,352,9032,856818,870027,364,Unsat
1,3.0,0.0,3,3,207,34,6133,836402,851536,38,Unsat
1,2.0,0.0,2,2,207,34,4668,816167,828188,42,Unsat
32,2.9375,0.05859375,3,2,365,42,3680,727107,735638,51,Sat
2,2.5,0.25,3,2,365,42,3754,737951,745993,83,Sat
1,3.0,0.0,3,3,365,42,3530,748728,756426,48,Sat
3,3.0,0.0,3,3,365,42,10705,762208,782749,53,Sat
2,3.0,0.0,3,3,365,42,6287,753673,764253,52,Sat
1,2.0,0.0,2,2,684,1480,7861,864339,881792,1505,Unsat
1,3.0,0.0,3,3,684,1480,8974,857098,875757,1499,Unsat
5,2.4,0.24000001,3,2,898,243,41815,809500,861110,264,Unsat
3,3.0,0.0,3,3,898,243,11954,759365,781821,279,Sat
4,3.0,0.0,3,3,898,243,611793,0,623658,268,Unknown
24,2.9583333,0.039930552,3,2,1258,139,18617,877610,901583,154,Unsat
1,2.0,0.0,2,2,1258,139,10612,731283,752029,244,Sat
2,3.0,0.0,3,3,1258,139,7583,754234,770142,149,Sat
1,1.0,0.0,1,1,174,199,5832,821473,831752,206,Unsat
5,2.6,0.24000001,3,2,611,167,4022,748211,756936,171,Sat
1,3.0,0.0,3,3,611,167,7824,745760,763659,189,Sat
3,1.6666666,0.22222221,2,1,611,167,6469,784757,795641,174,Unsat
1,3.0,0.0,3,3,611,167,13106,748929,772154,197,Sat
1,2.0,0.0,2,2,379,125,3865,750587,758779,129,Sat
1,1.0,0.0,1,1,379,125,3478,752522,760368,133,Sat
4,2.5,0.25,3,2,266,131,3437,756460,764516,138,Sat
2,2.5,0.25,3,2,266,131,7108,755014,766583,152,Sat
1,3.0,0.0,3,3,266,131,6555,742853,753797,141,Sat
1,1.0,0.0,1,1,233,36,3077,712332,719500,39,Sat
2,2.0,0.0,2,2,233,36,6468,739564,755489,42,Sat
2,2.5,0.25,3,2,233,36,7605,758549,775681,44,Sat
2,3.0,0.0,3,3,233,36,3116,743306,750602,44,Sat
2,2.5,0.25,3,2,233,36,7599,740132,757269,46,Sat
1,3.0,0.0,3,3,457,527,20041,873707,903481,543,Unsat
1,2.0,0.0,2,2,457,527,5843,853954,864114,545,Unsat
3,2.6666667,0.22222221,3,2,301,42,4980,747825,757093,45,Sat
4,2.75,0.1875,3,2,301,42,4044,752557,760853,49,Sat
3,3.0,0.0,3,3,301,42,7784,740525,756163,54,Sat
1,2.0,0.0,2,2,301,42,6957,735503,751978,55,Sat
1,3.0,0.0,3,3,301,42,8105,713718,731430,51,Sat
3,2.0,0.6666667,3,1,1233,209,18753,858062,886905,242,Unsat
2,2.5,0.25,3,2,1233,209,3267,748972,756907,246,Sat
2,2.0,1.0,3,1,356,131,6740,743992,755189,136,Sat
2,2.5,0.25,3,2,356,131,6408,750346,761172,139,Sat
1,2.0,0.0,2,2,356,131,21346,751286,782667,146,Sat
3,2.3333333,0.88888884,3,1,308,51,3987,764626,772944,55,Sat
6,2.6666667,0.22222221,3,2,308,51,8378,735987,754363,65,Sat
1,3.0,0.0,3,3,308,51,7746,745776,763357,70,Sat
5,2.4,0.24000001,3,2,308,51,2939,758843,766102,58,Sat
1,2.0,0.0,2,2,180,30,2669,731125,737803,33,Sat
1,1.0,0.0,1,1,180,30,2715,717168,723947,34,Sat
1,1.0,0.0,1,1,276,105,8650,721608,740205,113,Sat
2,2.0,0.0,2,2,276,105,3101,748380,755843,110,Sat
2,3.0,0.0,3,3,276,105,3372,751410,759205,111,Sat
1,2.0,0.0,2,2,276,105,5950,741331,755366,116,Sat
1,3.0,0.0,3,3,607,216,27669,762314,800585,229,Sat
2,2.0,0.0,2,2,607,216,22829,860256,892973,239,Unsat
1,3.0,0.0,3,3,607,216,15543,747140,767533,236,Sat
2,3.0,0.0,3,3,607,216,39319,862451,911610,243,Unsat
1,1.0,0.0,1,1,160,21,2387,804888,811131,22,Unsat
1,2.0,0.0,2,2,146,86,3196,842542,849961,88,Unsat
1,1.0,0.0,1,1,209,69,6213,805247,820505,74,Unsat
1,2.0,0.0,2,2,422,665,17445,758084,786227,681,Sat
2,2.5,0.25,3,2,422,665,7105,857856,875032,683,Unsat
1,1.0,0.0,1,1,132,22,2486,818519,824919,23,Unsat
1,3.0,0.0,3,3,407,588,7872,864683,882458,612,Unsat
1,2.0,0.0,2,2,407,588,3334,866557,874321,613,Unsat
8,2.875,0.109375,3,2,382,86,12837,735920,758941,96,Sat
18,2.6111112,0.34876552,3,1,382,86,2568,807435,814482,109,Unsat
4,3.0,0.0,3,3,382,86,3743,750637,758743,117,Sat
2,3.0,0.0,3,3,382,86,6488,765984,780323,106,Sat
1,3.0,0.0,3,3,382,86,8059,741311,759053,97,Sat
2,1.0,0.0,1,1,222,183,2842,837184,844052,187,Unsat
2,1.5,0.25,2,1,610,282,7703,859882,871888,296,Unsat
1,2.0,0.0,2,2,610,282,3483,750412,758441,299,Sat
15,2.6666667,0.35555565,3,1,456,106,4746,747163,756626,111,Sat
16,2.8125,0.15234375,3,2,456,106,4421,758774,768015,132,Sat
4,2.5,0.25,3,2,456,106,3277,738199,745881,134,Sat
6,3.0,0.0,3,3,456,106,14714,762275,787305,135,Sat
1,2.0,0.0,2,2,301,240,10338,839543,859161,246,Unsat
1,3.0,0.0,3,3,301,240,12665,871277,893296,249,Unsat
1,3.0,0.0,3,3,903,726,54480,860784,924787,752,Unsat
1,2.0,0.0,2,2,903,726,9828,882456,896646,750,Unsat
1,2.0,0.0,2,2,289,93,7065,742491,753959,99,Sat
1,3.0,0.0,3,3,289,93,3412,764842,772564,98,Sat
1,2.0,0.0,2,2,289,93,3479,752578,760385,100,Sat
2,3.0,0.0,3,3,289,93,3865,739918,748121,99,Sat
1,1.0,0.0,1,1,316,37,3080,718055,725258,40,Sat
1,3.0,0.0,3,3,316,37,5412,731165,744349,45,Sat
4,2.5,0.25,3,2,316,37,2839,736116,743152,44,Sat
1,3.0,0.0,3,3,316,37,3148,750905,758215,49,Sat
12,3.0,0.0,3,3,4061,218,503989,0,509229,247,Unknown
37,3.0,0.0,3,3,4061,218,507605,0,515086,344,Unknown
2,3.0,0.0,3,3,4061,218,4714,748167,757697,516,Sat
17,2.8235295,0.1453287,3,2,4061,218,34653,836637,876634,249,Unsat
6,3.0,0.0,3,3,4061,218,5609,763384,773952,358,Sat
3,3.0,0.0,3,3,4061,218,517457,0,529851,290,Unknown
1,3.0,0.0,3,3,4061,218,504627,0,509068,284,Unknown
2,3.0,0.0,3,3,4061,218,15143,745749,765376,238,Sat
2,3.0,0.0,3,3,4061,218,504748,0,509306,241,Unknown
1,3.0,0.0,3,3,4061,218,5527,757525,767363,252,Sat
2,2.5,0.25,3,2,537,150,6472,772580,783242,161,Unsat
1,2.0,0.0,2,2,537,150,15496,755528,775550,176,Sat
2,2.5,0.25,3,2,173,23,2445,755090,761433,25,Unsat
1,3.0,0.0,3,3,173,23,6109,822641,837742,36,Unsat
1,3.0,0.0,3,3,173,23,2686,825841,832474,30,Unsat
2,2.5,0.25,3,2,228,45,2618,778607,785288,47,Unsat
1,2.0,0.0,2,2,228,45,3450,727091,734702,53,Sat
3,2.6666667,0.22222221,3,2,1135,1004,10976,780241,800494,1041,Unsat
1,3.0,0.0,3,3,1135,1004,14026,863314,889047,1099,Unsat
5,2.6,0.64,3,1,1060,924,612902,0,634460,958,Unknown
1,2.0,0.0,2,2,1060,924,3495,763197,771480,960,Sat
6,2.8333333,0.13888888,3,2,1060,924,12773,757645,781530,939,Sat
2,2.5,0.25,3,2,1060,924,8148,756510,775435,957,Sat
1,3.0,0.0,3,3,1060,924,8341,740842,759872,941,Sat
3,3.0,0.0,3,3,384,79,10890,784466,804831,85,Unsat
1,2.0,0.0,2,2,384,79,2868,819362,826253,93,Unsat
1,2.0,0.0,2,2,268,77,3876,746525,754681,80,Sat
1,1.0,0.0,1,1,268,77,3002,766748,773970,84,Sat
7,2.857143,0.12244899,3,2,760,106,3725,769169,777727,115,Sat
1,3.0,0.0,3,3,760,106,6273,732215,743083,151,Sat
1,3.0,0.0,3,3,760,106,33906,776887,816827,118,Sat
2,2.5,0.25,3,2,760,106,22460,751963,783007,127,Sat
2,3.0,0.0,3,3,760,106,12244,772760,789634,123,Sat
1,3.0,0.0,3,3,760,106,53063,766760,829499,132,Sat
4,2.25,0.6875,3,1,650,415,24822,879760,912909,422,Unsat
1,3.0,0.0,3,3,650,415,3680,755480,763987,433,Sat
8,2.625,0.234375,3,2,807,244,41166,772481,824737,257,Sat
7,2.857143,0.12244899,3,2,807,244,8180,759933,777020,267,Sat
2,3.0,0.0,3,3,807,244,632618,0,647436,267,Unknown
8,2.625,0.484375,3,1,1866,466,4578,824337,835778,482,Unsat
2,2.5,0.25,3,2,1866,466,3677,745762,754327,576,Sat
2,3.0,0.0,3,3,1866,466,12526,749083,772495,522,Sat
1,3.0,0.0,3,3,1866,466,3898,749317,758132,509,Sat
1,2.0,0.0,2,2,625,568,3783,756299,764804,577,Sat
2,2.0,1.0,3,1,625,568,54328,862974,927254,594,Unsat
2,2.0,0.0,2,2,327,236,10696,857488,875876,243,Unsat
1,1.0,0.0,1,1,171,40,2772,829883,836693,41,Unsat
1,1.0,0.0,1,1,125,48,2800,816584,823418,51,Unsat
1,3.0,0.0,3,3,276,134,15684,750187,770407,140,Sat
2,2.5,0.25,3,2,276,134,8281,770042,782564,145,Unsat
1,2.0,0.0,2,2,137,163,2957,857475,864613,167,Unsat
3,1.6666666,0.22222221,2,1,549,212,17070,748027,769780,224,Sat
2,3.0,0.0,3,3,549,212,34083,778848,823565,234,Sat
1,2.0,0.0,2,2,549,212,8547,766676,783976,233,Sat
1,3.0,0.0,3,3,549,212,13137,758521,776429,218,Sat
2,2.5,0.25,3,2,382,356,16766,851956,878439,366,Unsat
1,2.0,0.0,2,2,382,356,3896,861028,869152,368,Unsat
1,3.0,0.0,3,3,585,160,4254,746870,755620,172,Sat
1,2.0,0.0,2,2,585,160,3152,844499,851885,184,Unsat
1,3.0,0.0,3,3,585,160,17038,751357,773096,180,Sat
1,3.0,0.0,3,3,1493,253,13510,859971,877877,269,Unsat
1,3.0,0.0,3,3,1493,253,21204,855772,885037,292,Unsat
2,2.5,0.25,3,2,1493,253,10153,784018,798625,286,Unsat
4,2.25,0.6875,3,1,288,180,6270,723494,737641,188,Sat
1,3.0,0.0,3,3,288,180,8593,750893,769150,195,Sat
1,1.0,0.0,1,1,288,180,8580,724273,742532,192,Sat
1,1.0,0.0,1,1,135,39,2592,808143,814696,42,Unsat
5,2.8,0.16,3,2,1516,1721,34643,796800,842909,1853,Unsat
1,3.0,0.0,3,3,1516,1721,25894,862022,892939,1906,Unsat
1,2.0,0.0,2,2,1516,1721,15538,864282,884775,1827,Unsat
1,3.0,0.0,3,3,1516,1721,34282,875948,915079,1857,Unsat
1,3.0,0.0,3,3,278,31,2524,838874,845303,35,Unsat
1,2.0,0.0,2,2,278,31,2413,825259,831567,38,Unsat
1,1.0,0.0,1,1,151,24,4521,818099,829803,26,Unsat
19,2.8947368,0.094182804,3,2,693,60,3294,735352,743378,74,Sat
3,3.0,0.0,3,3,693,60,504715,0,513993,163,Unknown
9,3.0,0.0,3,3,693,60,503755,0,510144,126,Unknown
2,3.0,0.0,3,3,693,60,505040,0,509234,152,Unknown
2,2.5,0.25,3,2,693,60,3981,733298,741474,94,Sat
1,3.0,0.0,3,3,693,60,27649,738182,770191,71,Sat
2,2.5,0.25,3,2,658,121,7070,880621,892043,127,Unsat
1,2.0,0.0,2,2,658,121,3004,876944,884255,143,Unsat
7,2.7142856,0.20408165,3,2,379,84,5459,753168,763225,89,Sat
2,3.0,0.0,3,3,379,84,10939,759449,780383,111,Sat
6,2.5,0.25,3,2,379,84,7926,751107,763717,95,Sat
2,2.0,1.0,3,1,379,84,8126,774432,792552,103,Sat
1,3.0,0.0,3,3,379,84,3565,750787,758620,92,Sat
1,2.0,0.0,2,2,133,19,2426,827799,834178,20,Unsat
2,1.5,0.25,2,1,275,322,6301,840113,855706,327,Unsat
1,2.0,0.0,2,2,278,213,7080,840174,854852,227,Unsat
1,3.0,0.0,3,3,278,213,12017,855276,876646,250,Unsat
1,2.0,0.0,2,2,311,35,5082,718827,731393,39,Sat
1,1.0,0.0,1,1,311,35,5341,721192,734066,42,Sat
1,2.0,0.0,2,2,311,35,6851,726032,742139,41,Sat
15,2.8666666,0.11555555,3,2,1626,105,4457,787440,796791,113,Sat
14,2.9285715,0.066326536,3,2,1626,105,80955,784322,870483,136,Sat
20,2.95,0.047500003,3,2,1626,105,5370,762763,773198,139,Sat
25,3.0,0.0,3,3,1626,105,10547,766532,788805,172,Sat
1,2.0,0.0,2,2,1626,105,10722,756049,777380,167,Sat
1,3.0,0.0,3,3,1626,105,11309,735344,757109,117,Sat
1,2.0,0.0,2,2,331,106,3048,825195,832246,110,Unsat
1,3.0,0.0,3,3,255,88,9727,831014,848321,95,Unsat
1,2.0,0.0,2,2,255,88,3428,828248,835799,99,Unsat
1,2.0,0.0,2,2,390,126,3018,736144,743421,138,Sat
1,2.0,0.0,2,2,390,126,10782,719981,740467,137,Sat
1,3.0,0.0,3,3,390,126,3116,721551,728890,137,Sat
1,2.0,0.0,2,2,363,82,7953,747390,764966,89,Sat
3,2.6666667,0.22222221,3,2,363,82,5387,754288,764026,89,Sat
2,2.5,0.25,3,2,363,82,8305,712686,730721,96,Sat
1,3.0,0.0,3,3,363,82,8269,730334,742853,87,Sat
1,3.0,0.0,3,3,363,82,8170,733897,751763,102,Sat
6,2.8333333,0.13888888,3,2,207,20,2444,762122,768575,23,Unsat
2,3.0,0.0,3,3,207,20,2629,768312,774951,34,Unsat
2,3.0,0.0,3,3,334,27,3757,729944,737881,30,Sat
5,3.0,0.0,3,3,334,27,4901,715365,724555,34,Sat
6,2.8333333,0.13888888,3,2,334,27,31974,735620,772027,39,Sat
3,2.6666667,0.22222221,3,2,334,27,3179,735205,742617,41,Sat
2,3.0,0.0,3,3,334,27,504404,0,508586,34,Unknown
4,2.0,0.0,2,2,326,231,2951,814260,823344,240,Unsat
1,2.0,0.0,2,2,390,55,3012,846772,853849,59,Unsat
1,3.0,0.0,3,3,390,55,3568,820384,828081,61,Unsat
1,3.0,0.0,3,3,197,54,3034,827323,834421,57,Unsat
1,2.0,0.0,2,2,197,54,2777,827166,833978,61,Unsat
21,2.9047618,0.0861678,3,2,1035,130,7643,824857,837418,144,Unsat
10,3.0,0.0,3,3,1035,130,4485,758687,768034,198,Sat
10,3.0,0.0,3,3,1035,130,18075,761271,784332,175,Sat
3,2.6666667,0.22222221,3,2,1035,130,3467,733280,741548,165,Sat
1,2.0,0.0,2,2,422,386,5083,833894,843292,426,Unsat
2,2.0,0.0,2,2,150,24,2509,756534,763010,37,Unsat
1,2.0,0.0,2,2,407,173,11105,739213,760328,180,Sat
1,3.0,0.0,3,3,407,173,6053,743283,753696,179,Sat
1,3.0,0.0,3,3,407,173,6220,751489,762098,180,Sat
1,2.0,0.0,2,2,407,173,3184,741033,748543,180,Sat
12,2.9166667,0.07638888,3,2,3180,235,38981,823533,874067,270,Unsat
9,2.8888888,0.098765425,3,2,3180,235,505805,0,510710,341,Unknown
1,2.0,0.0,2,2,229,36,2773,727957,734618,38,Sat
1,2.0,0.0,2,2,229,36,6551,727486,743421,44,Sat
3,2.0,0.6666667,3,1,229,36,3032,752143,759456,40,Sat
1,1.0,0.0,1,1,229,36,5535,717252,730337,45,Sat
2,3.0,0.0,3,3,436,125,3191,714364,721835,130,Sat
1,2.0,0.0,2,2,436,125,3350,748962,756761,139,Sat
1,3.0,0.0,3,3,436,125,7506,722036,739299,137,Sat
1,2.0,0.0,2,2,436,125,7462,726442,743615,141,Sat
2,3.0,0.0,3,3,400,141,10495,762714,781524,149,Sat
1,2.0,0.0,2,2,400,141,4053,762949,771485,148,Sat
2,3.0,0.0,3,3,400,141,11835,727987,750022,149,Sat
1,2.0,0.0,2,2,400,141,8673,741840,760572,151,Sat
1,2.0,0.0,2,2,400,141,9214,782551,801897,152,Sat
1,3.0,0.0,3,3,164,19,2598,821072,827623,21,Unsat
1,3.0,0.0,3,3,164,19,2692,837641,844344,25,Unsat
1,3.0,0.0,3,3,164,19,2586,810490,817013,25,Unsat
1,2.0,0.0,2,2,164,19,2460,832238,838648,27,Unsat
1,2.0,0.0,2,2,301,1176,3902,858109,866342,1191,Unsat
1,3.0,0.0,3,3,301,1176,601640,0,613447,1201,Unknown
1,3.0,0.0,3,3,256,24,2533,823975,832779,30,Unsat
1,2.0,0.0,2,2,256,24,2420,816556,822915,30,Unsat
1,2.0,0.0,2,2,205,144,4538,832935,841573,150,Unsat
6,2.8333333,0.13888888,3,2,345,51,7279,793756,805285,55,Unsat
1,3.0,0.0,3,3,345,51,17350,743544,770954,78,Sat
1,3.0,0.0,3,3,345,51,4297,762238,770952,62,Sat
3,2.6666667,0.22222221,3,2,252,32,5754,763321,778152,36,Unsat
1,3.0,0.0,3,3,252,32,2712,832838,839519,39,Unsat
2,2.0,0.0,2,2,171,391,4597,775521,784381,397,Unsat
1,1.0,0.0,1,1,198,132,3309,836689,844119,135,Unsat
1,3.0,0.0,3,3,301,52,8873,818089,836240,60,Unsat
1,2.0,0.0,2,2,301,52,2913,828399,835364,60,Unsat
13,2.6153846,0.39053252,3,1,543,298,17662,833122,861805,309,Unsat
2,3.0,0.0,3,3,543,298,3769,779778,788075,325,Sat
3,2.6666667,0.22222221,3,2,543,298,10896,759621,780874,311,Sat
1,3.0,0.0,3,3,543,298,5955,742893,757027,311,Sat
2,2.0,0.0,2,2,140,34,2531,827507,833979,35,Unsat
1,1.0,0.0,1,1,298,171,6328,879290,889777,177,Unsat
1,2.0,0.0,2,2,126,110,3471,830114,837744,113,Unsat
1,3.0,0.0,3,3,165,53,3449,841419,849161,59,Unsat
1,2.0,0.0,2,2,165,53,6487,846264,862075,64,Unsat
6,2.8333333,0.13888888,3,2,508,240,11912,752040,768881,254,Sat
1,2.0,0.0,2,2,508,240,4519,741265,750301,270,Sat
1,2.0,0.0,2,2,508,240,9029,745137,758851,249,Sat
1,3.0,0.0,3,3,508,240,10839,754379,775726,253,Sat
1,3.0,0.0,3,3,508,240,4504,768610,777737,249,Sat
4,2.75,0.1875,3,2,445,166,5591,865981,876059,172,Unsat
3,2.3333333,0.22222221,3,2,445,166,2972,799250,806552,185,Unsat
1,2.0,0.0,2,2,445,166,6565,749215,760302,183,Sat
1,3.0,0.0,3,3,936,316,31388,847335,888280,323,Unsat
1,3.0,0.0,3,3,936,316,25632,840672,876012,326,Unsat
2,2.5,0.25,3,2,936,316,6932,780821,792037,326,Unsat
6,2.8333333,0.13888888,3,2,448,347,18978,793654,823298,367,Unsat
1,2.0,0.0,2,2,448,347,6388,846302,857234,381,Unsat
1,3.0,0.0,3,3,448,347,6134,855841,866293,371,Unsat
3,2.3333333,0.88888884,3,1,905,193,677478,0,687563,201,Unknown
1,3.0,0.0,3,3,905,193,672651,0,684885,242,Unknown
5,2.8,0.16,3,2,905,193,10415,756534,771870,237,Sat
2,1.0,0.0,1,1,209,94,2954,745146,752291,98,Sat
1,1.0,0.0,1,1,209,94,5408,750397,787235,105,Sat
1,2.0,0.0,2,2,219,328,10847,841429,861903,335,Unsat
1,1.0,0.0,1,1,254,325,10611,850928,870943,334,Unsat
1,2.0,0.0,2,2,161,57,2947,827456,834410,59,Unsat
1,2.0,0.0,2,2,403,60,2733,838013,844725,64,Unsat
3,3.0,0.0,3,3,403,60,580094,0,589139,68,Unknown
1,2.0,0.0,2,2,271,107,2702,846949,853549,110,Unsat
1,3.0,0.0,3,3,271,107,2889,835449,842376,112,Unsat
21,2.9047618,0.08616779,3,2,1601,113,3561,845809,854201,127,Unsat
7,3.0,0.0,3,3,1601,113,12604,760816,784327,185,Sat
14,3.0,0.0,3,3,1601,113,14013,796737,822083,145,Sat
10,3.0,0.0,3,3,1601,113,14471,770317,795787,161,Sat
3,3.0,0.0,3,3,1601,113,11225,761022,782818,153,Sat
1,3.0,0.0,3,3,1601,113,602455,0,614899,125,Unknown
1,2.0,0.0,2,2,357,140,3755,838196,846025,147,Unsat
1,2.0,0.0,2,2,331,528,4630,834908,843812,537,Unsat
2,2.0,1.0,3,1,689,154,19972,738323,768302,160,Sat
1,2.0,0.0,2,2,689,154,8304,757798,775808,166,Sat
4,2.5,0.25,3,2,689,154,6677,747015,758055,161,Sat
3,2.6666667,0.22222221,3,2,689,154,597167,0,614677,171,Unknown
1,3.0,0.0,3,3,438,123,3085,752403,759929,125,Sat
4,2.0,0.0,2,2,438,123,3364,735829,743726,139,Sat
1,3.0,0.0,3,3,438,123,7200,763876,781126,136,Sat
1,1.0,0.0,1,1,438,123,4174,752171,760723,133,Sat
2,3.0,0.0,3,3,356,217,4253,863179,871755,225,Unsat
1,2.0,0.0,2,2,356,217,2870,835801,842921,235,Unsat
1,3.0,0.0,3,3,356,217,4644,860930,869754,225,Unsat
1,1.0,0.0,1,1,161,17,2394,799677,805989,18,Unsat
2,2.5,0.25,3,2,293,287,6901,867162,878397,295,Unsat
1,2.0,0.0,2,2,293,287,10631,756219,771542,298,Sat
3,2.6666667,0.22222221,3,2,234,20,2429,764221,770651,29,Unsat
1,3.0,0.0,3,3,234,20,2633,831500,838107,30,Unsat
1,1.0,0.0,1,1,149,50,2750,806120,812869,52,Unsat
2,1.5,0.25,2,1,368,282,15095,845113,869889,290,Unsat
1,2.0,0.0,2,2,679,152,8075,746060,758608,161,Sat
1,3.0,0.0,3,3,679,152,17821,754863,782901,165,Sat
4,2.75,0.1875,3,2,679,152,7601,736674,748799,163,Sat
1,3.0,0.0,3,3,679,152,15486,750311,774103,179,Sat
1,3.0,0.0,3,3,216,285,8774,869509,882553,290,Unsat
1,2.0,0.0,2,2,216,285,6852,865143,876403,294,Unsat
3,2.6666667,0.22222221,3,2,992,761,20463,775406,801125,784,Sat
5,3.0,0.0,3,3,992,761,30980,755051,797772,790,Sat
1,3.0,0.0,3,3,992,761,612878,0,636754,797,Unknown
7,2.7142856,0.20408165,3,2,992,761,19427,769487,794433,803,Sat
2,2.5,0.25,3,2,462,263,18428,876051,899274,269,Unsat
1,2.0,0.0,2,2,462,263,17704,872653,898152,273,Unsat
1,3.0,0.0,3,3,407,217,4868,839947,849008,231,Unsat
1,2.0,0.0,2,2,407,217,3796,823620,831626,236,Unsat
1,2.0,0.0,2,2,369,366,6821,841793,857943,377,Unsat
1,3.0,0.0,3,3,296,144,4084,738363,746911,149,Sat
1,2.0,0.0,2,2,296,144,2791,843653,850689,152,Unsat
2,2.5,0.25,3,2,296,144,7910,751114,767390,154,Sat
1,2.0,0.0,2,2,457,251,8083,813382,830678,261,Unsat
1,3.0,0.0,3,3,457,251,3928,812733,820733,265,Unsat
3,2.6666667,0.22222221,3,2,416,215,5400,787661,800779,222,Unsat
1,3.0,0.0,3,3,416,215,18518,843267,866029,228,Unsat
2,1.5,0.25,2,1,658,893,8660,871513,884943,906,Unsat
2,2.0,0.0,2,2,455,234,16192,855190,881089,242,Unsat
1,3.0,0.0,3,3,455,234,7132,750131,761877,242,Sat
9,2.7777777,0.17283951,3,2,675,599,30325,764281,805897,624,Sat
3,3.0,0.0,3,3,675,599,3813,760829,769487,631,Sat
1,2.0,0.0,2,2,675,599,8621,757810,777138,630,Sat
3,2.3333333,0.88888884,3,1,675,599,15975,768254,789136,605,Sat
1,2.0,0.0,2,2,675,599,6341,778805,789816,612,Sat
3,3.0,0.0,3,3,622,350,23268,787726,820975,360,Unsat
1,2.0,0.0,2,2,622,350,5669,833815,843702,365,Unsat
5,1.8,0.16,2,1,227,115,3056,732842,740226,119,Sat
1,1.0,0.0,1,1,227,115,3391,720390,728133,124,Sat
2,2.0,1.0,3,1,654,174,16313,762225,783443,182,Sat
3,2.6666667,0.22222221,3,2,654,174,8193,768729,781805,186,Sat
2,3.0,0.0,3,3,654,174,8284,742914,755945,197,Sat
1,2.0,0.0,2,2,172,46,2817,838810,845650,48,Unsat
3,2.0,0.0,2,2,339,378,8364,757538,776075,389,Sat
1,3.0,0.0,3,3,339,378,8088,747709,765984,390,Sat
1,1.0,0.0,1,1,339,378,3481,740155,748153,388,Sat
3,3.0,0.0,3,3,566,88,11245,872212,887913,94,Unsat
2,3.0,0.0,3,3,566,88,16607,748971,770170,103,Sat
1,3.0,0.0,3,3,566,88,9228,744792,758473,101,Sat
2,2.5,0.25,3,2,566,88,622268,0,640160,106,Unknown
1,3.0,0.0,3,3,566,88,9949,734777,749257,131,Sat
7,2.7142856,0.20408165,3,2,206,43,6775,808524,825019,49,Unsat
2,3.0,0.0,3,3,206,43,5464,756497,766341,59,Sat
1,3.0,0.0,3,3,388,103,8221,830091,860501,109,Unsat
1,2.0,0.0,2,2,388,103,3077,823364,830593,111,Unsat
1,3.0,0.0,3,3,306,62,4349,828823,837269,66,Unsat
1,2.0,0.0,2,2,306,62,9036,833654,851965,72,Unsat
5,2.6,0.24000001,3,2,270,28,2527,789645,796319,33,Unsat
24,3.0,0.0,3,3,270,28,3217,834366,842108,44,Unsat
5,2.8,0.16,3,2,233,25,2836,732980,740063,31,Sat
4,3.0,0.0,3,3,233,25,3205,719561,726918,40,Sat
1,2.0,0.0,2,2,233,25,7191,727877,742677,38,Sat
2,3.0,0.0,3,3,233,25,3264,742072,749509,30,Sat
1,2.0,0.0,2,2,429,571,15615,856125,881576,584,Unsat
1,2.0,0.0,2,2,346,312,35310,838182,880996,317,Unsat
1,3.0,0.0,3,3,726,113,11251,852730,873461,119,Unsat
2,2.5,0.25,3,2,726,113,3230,854516,861961,123,Unsat
1,3.0,0.0,3,3,726,113,4082,842499,850701,123,Unsat
1,3.0,0.0,3,3,145,20,2546,826561,833012,22,Unsat
1,2.0,0.0,2,2,145,20,2390,810032,816355,28,Unsat
2,1.0,0.0,1,1,174,60,3132,813903,821079,62,Unsat
1,2.0,0.0,2,2,222,83,2952,736191,743571,88,Sat
1,3.0,0.0,3,3,222,83,9228,756418,775520,92,Sat
1,1.0,0.0,1,1,222,83,7307,731933,747238,94,Sat
2,2.0,0.0,2,2,296,315,7123,794065,810791,325,Unsat
2,3.0,0.0,3,3,296,315,4142,745139,753741,322,Sat
2,3.0,0.0,3,3,284,95,3350,856604,864129,97,Unsat
1,2.0,0.0,2,2,284,95,2923,875281,882405,103,Unsat
1,2.0,0.0,2,2,207,70,6612,868271,884158,76,Unsat
1,3.0,0.0,3,3,207,70,2811,851135,858058,79,Unsat
2,2.5,0.25,3,2,224,102,6425,751268,762308,106,Sat
2,2.5,0.25,3,2,224,102,12990,851989,874746,117,Unsat
1,2.0,0.0,2,2,491,198,8672,762289,781039,211,Sat
8,2.75,0.1875,3,2,491,198,8667,753094,772304,207,Sat
11,2.3636363,0.4132231,3,1,491,198,9878,755646,776198,237,Sat
1,2.0,0.0,2,2,491,198,7318,756093,773392,235,Sat
1,3.0,0.0,3,3,491,198,4356,751835,760684,203,Sat
1,2.0,0.0,2,2,491,198,3487,761030,769009,204,Sat
1,1.0,0.0,1,1,218,362,9675,842196,861367,369,Unsat
3,3.0,0.0,3,3,231,26,2891,758670,765724,32,Sat
4,2.75,0.1875,3,2,231,26,2652,858540,865186,36,Unsat
4,2.75,0.1875,3,2,231,26,5213,839222,852047,40,Unsat
1,1.0,0.0,1,1,495,397,3236,748386,756009,416,Sat
2,2.0,0.0,2,2,495,397,13812,747403,771318,416,Sat
2,2.5,0.25,3,2,262,120,9768,741142,760782,124,Sat
2,2.5,0.25,3,2,262,120,7809,742179,759809,129,Sat
14,2.857143,0.12244899,3,2,433,66,7203,717157,734431,74,Sat
3,3.0,0.0,3,3,433,66,7970,733161,750853,95,Sat
4,3.0,0.0,3,3,433,66,9795,759144,773262,77,Sat
9,3.0,0.0,3,3,433,66,6541,747015,761555,82,Sat
1,2.0,0.0,2,2,433,66,7366,768848,785819,87,Sat
2,3.0,0.0,3,3,433,66,8013,746629,764314,74,Sat
1,1.0,0.0,1,1,278,118,3825,723148,731219,127,Sat
1,2.0,0.0,2,2,278,118,6897,736892,753533,127,Sat
2,2.0,0.0,2,2,278,118,6938,734762,751366,128,Sat
3,2.6666667,0.22222221,3,2,450,397,32558,822757,865461,413,Unsat
1,3.0,0.0,3,3,450,397,24337,883232,917683,420,Unsat
5,1.8,0.16,2,1,285,223,3559,738904,746941,233,Sat
2,2.0,0.0,2,2,285,223,3665,748722,756890,234,Sat
7,2.857143,0.12244898,3,2,417,133,3985,744326,753147,141,Sat
5,2.8,0.16,3,2,417,133,647168,0,667528,158,Unknown
1,1.0,0.0,1,1,417,133,10507,758375,775689,185,Sat
3,2.6666667,0.22222221,3,2,548,251,11110,865768,881367,263,Unsat
4,2.5,0.25,3,2,548,251,9857,749499,770044,271,Sat
1,3.0,0.0,3,3,367,504,13342,848769,871945,526,Unsat
1,2.0,0.0,2,2,367,504,5118,859776,869251,525,Unsat
1,2.0,0.0,2,2,289,241,6752,851543,862680,251,Unsat
1,3.0,0.0,3,3,289,241,8393,860516,873403,259,Unsat
2,2.5,0.25,3,2,174,26,2715,829531,836234,29,Unsat
1,3.0,0.0,3,3,174,26,3453,720987,728560,34,Sat
1,1.0,0.0,1,1,185,108,6683,807117,823076,112,Unsat
2,3.0,0.0,3,3,335,165,3586,754131,762176,173,Sat
2,2.5,0.25,3,2,335,165,4145,732334,740969,177,Sat
3,2.6666667,0.22222221,3,2,335,165,3710,735085,743296,176,Sat
3,3.0,0.0,3,3,335,165,504668,0,509040,179,Unknown
2,3.0,0.0,3,3,477,242,3853,760667,768850,249,Sat
2,2.5,0.25,3,2,477,242,3421,741581,749638,251,Sat
2,2.5,0.25,3,2,477,242,8396,739242,752386,250,Sat
1,1.0,0.0,1,1,333,301,6869,713555,730087,312,Sat
1,1.0,0.0,1,1,333,301,2883,714841,721979,307,Sat
2,2.0,0.0,2,2,333,301,6950,728434,744960,312,Sat
1,1.0,0.0,1,1,173,110,5936,824987,839931,114,Unsat
1,1.0,0.0,1,1,144,22,2615,706029,712728,23,Sat
1,1.0,0.0,1,1,144,22,2570,717734,724285,26,Sat
1,2.0,0.0,2,2,359,175,6525,832131,847835,181,Unsat
1,3.0,0.0,3,3,520,333,10314,859340,877609,346,Unsat
3,2.6666667,0.22222221,3,2,520,333,2844,855971,863077,354,Unsat
1,3.0,0.0,3,3,258,131,6724,830993,841983,145,Unsat
1,2.0,0.0,2,2,258,131,4888,832107,841419,147,Unsat
6,2.8333333,0.13888888,3,2,182,142,2900,776197,783349,145,Unsat
1,3.0,0.0,3,3,182,142,3661,850891,858712,158,Unsat
1,3.0,0.0,3,3,182,142,3329,864597,872092,151,Unsat
4,2.75,0.1875,3,2,7842,621,51598,805402,867911,723,Unsat
1,3.0,0.0,3,3,7842,621,607832,0,621525,859,Unknown
1,3.0,0.0,3,3,7842,621,4199,766914,776019,682,Sat
1,3.0,0.0,3,3,7842,621,30184,768972,808218,723,Sat
1,2.0,0.0,2,2,7842,621,9450,758436,778707,716,Sat
1,3.0,0.0,3,3,7842,621,4239,753035,762129,672,Sat
