original_total_changes,original_num_types,original_num_params,original_num_generics,original_num_patterns,original_num_nested_patterns,reduced_total_changes,reduced_num_types,reduced_num_params,reduced_num_generics,reduced_num_patterns,reduced_num_nested_patterns,time
8,3,0,4,1,1,8,3,0,4,1,1,0
6,2,2,1,1,1,6,2,2,1,1,1,0
7,2,2,1,1,2,7,2,2,1,1,2,0
23,6,8,4,1,5,10,4,3,0,1,3,20
50,6,8,4,6,32,10,4,3,0,1,3,23
28,6,8,4,2,10,10,4,3,0,1,3,17
22,6,8,4,2,4,22,6,8,4,2,4,0
8,2,1,3,1,2,8,2,1,3,1,2,0
24,6,10,4,2,4,7,2,1,2,1,2,14
13,3,4,3,1,3,11,3,3,3,1,2,9
17,5,6,3,1,3,7,2,1,2,1,2,14
13,2,3,1,2,7,7,2,1,1,1,3,13
28,6,8,7,3,7,10,2,2,3,1,3,44
18,4,5,1,5,8,18,4,5,1,5,8,0
39,7,7,8,6,17,11,3,3,3,1,2,19
37,7,7,8,5,15,11,3,3,3,1,2,16
9,3,3,1,1,2,6,3,1,0,1,2,7
29,7,11,8,1,3,18,5,3,8,1,2,16
35,7,11,8,3,9,18,5,3,8,1,2,25
19,4,7,6,1,2,10,3,1,4,1,2,12
24,6,12,4,1,2,10,3,1,4,1,2,13
15,4,6,0,2,5,8,3,3,0,1,2,11
24,5,7,6,2,6,11,4,1,4,1,2,14
24,5,7,6,2,6,11,4,1,4,1,2,15
12,3,3,3,1,3,7,2,1,2,1,2,11
14,4,1,7,1,2,9,2,1,4,1,2,6
16,4,5,5,1,2,16,4,5,5,1,2,0
30,4,4,6,7,16,30,4,4,6,7,16,0
27,8,9,4,1,6,27,8,9,4,1,6,0
26,8,9,4,1,5,26,8,9,4,1,5,0
26,8,9,4,1,5,26,8,9,4,1,5,0
23,8,9,4,1,2,23,8,9,4,1,2,0
10,3,2,3,1,2,7,2,2,1,1,2,12
16,4,5,5,1,2,13,4,2,5,1,2,17
13,3,4,4,1,2,9,3,1,3,1,2,8
6,2,2,0,1,2,5,2,1,0,1,2,9
18,3,6,5,1,4,12,3,1,5,1,3,17
9,2,3,2,1,2,7,2,1,2,1,2,8
9,2,3,2,1,2,7,2,1,2,1,2,8
16,3,5,4,1,4,10,3,1,4,1,2,14
20,6,6,0,3,8,6,3,1,0,1,2,20
11,4,3,0,2,4,6,3,1,0,1,2,11
22,6,6,0,4,10,7,3,2,0,1,2,11
14,6,6,0,1,2,6,3,1,0,1,2,17
16,4,4,4,2,4,9,3,1,3,1,2,10
10,4,4,0,1,2,7,3,2,0,1,2,7
23,8,9,4,1,2,6,3,1,0,1,2,17
15,5,3,5,1,2,7,2,1,2,1,2,8
7,2,2,1,1,2,7,2,2,1,1,2,0
6,2,2,1,1,1,6,2,2,1,1,1,0
27,7,11,6,1,3,13,5,1,5,1,2,25
35,8,8,5,7,14,35,8,8,5,7,14,0
21,5,6,0,4,10,7,3,2,0,1,2,17
20,5,6,0,3,9,7,3,2,0,1,2,11
29,8,9,10,1,2,9,3,1,3,1,2,17
9,2,2,3,1,2,8,2,1,3,1,2,6
29,8,9,10,1,2,9,3,1,3,1,2,13
18,5,7,3,1,3,12,5,2,3,1,2,17
18,4,6,3,2,5,18,4,6,3,2,5,0
20,5,7,3,2,5,13,5,3,3,1,2,13
17,5,7,3,1,2,13,5,3,3,1,2,10
18,5,7,3,1,3,12,5,2,3,1,2,23
18,4,4,7,1,3,15,4,2,7,1,2,10
7,3,0,3,1,1,7,3,0,3,1,1,0
22,4,4,7,3,7,15,4,2,7,1,2,10
12,4,3,3,1,2,8,3,1,2,1,2,5
18,3,6,1,4,8,18,3,6,1,4,8,0
41,8,10,5,6,18,41,8,10,5,6,18,0
13,3,2,6,1,2,13,3,2,6,1,2,2
9,2,1,4,1,2,9,2,1,4,1,2,2
19,6,5,6,1,2,9,3,1,3,1,2,10
33,7,10,3,5,13,14,5,2,3,3,4,64
9,2,2,3,1,2,9,2,2,3,1,2,4
20,7,6,5,1,2,9,4,1,2,1,2,8
34,8,11,5,3,10,12,5,1,3,1,3,24
29,8,11,5,1,5,12,5,1,3,1,3,21
54,6,8,2,12,38,13,5,2,2,2,4,147
12,3,3,2,1,4,10,3,3,2,1,2,8
21,4,6,5,3,6,21,4,6,5,3,6,0
8,3,3,0,1,2,6,3,1,0,1,2,11
24,6,5,9,2,4,24,6,5,9,2,4,0
84,3,6,1,18,74,84,3,6,1,18,74,0
12,3,2,4,1,3,9,2,1,4,1,2,9
11,3,2,4,1,2,9,2,1,4,1,2,8
7,2,3,0,1,2,5,2,1,0,1,2,9
8,2,3,0,1,3,5,2,1,0,1,2,10
16,3,5,6,1,2,9,2,1,4,1,2,9
50,3,5,6,10,36,10,2,1,4,1,3,18
16,5,6,2,1,3,7,3,2,0,1,2,15
24,3,5,6,2,10,9,2,1,4,1,2,12
22,5,6,2,4,9,5,2,1,0,1,2,18
13,3,3,5,1,2,9,2,1,4,1,2,9
9,2,1,5,1,1,9,2,1,5,1,1,0
66,5,9,1,17,51,66,5,9,1,17,51,0
22,6,5,2,2,9,8,3,2,0,1,3,19
140,4,9,5,38,122,9,2,2,3,1,2,116
12,3,1,6,1,2,12,3,1,6,1,2,2
23,5,7,9,1,2,23,5,7,9,1,2,0
12,3,1,6,1,2,12,3,1,6,1,2,2
21,4,8,7,1,2,8,2,1,3,1,2,7
10,2,3,0,2,5,5,2,1,0,1,2,12
24,7,10,4,1,3,7,2,1,2,1,2,10
11,2,3,0,2,6,5,2,1,0,1,2,13
20,5,7,1,2,7,7,3,1,0,1,3,19
17,4,5,3,2,5,8,3,1,2,1,2,11
27,5,7,1,4,14,7,3,1,0,1,3,20
32,7,8,7,4,10,32,7,8,7,4,10,0
14,3,3,6,1,2,12,3,1,6,1,2,8
14,3,3,6,1,2,12,3,1,6,1,2,7
11,5,2,2,2,2,11,5,2,2,2,2,0
14,3,2,6,1,3,12,3,1,6,1,2,9
19,3,2,6,3,8,12,3,1,6,1,2,10
7,2,1,3,1,1,7,2,1,3,1,1,0
13,4,3,4,1,2,13,4,3,4,1,2,0
6,2,0,3,1,1,6,2,0,3,1,1,0
12,4,3,4,1,1,12,4,3,4,1,1,0
26,6,8,8,1,4,8,2,1,2,1,3,21
14,4,3,6,1,1,14,4,3,6,1,1,0
9,2,3,1,1,3,6,2,1,1,1,2,9
15,4,3,6,1,2,15,4,3,6,1,2,0
20,4,6,3,3,7,7,2,1,2,1,2,11
22,3,2,1,6,16,22,3,2,1,6,16,0
10,4,2,0,2,4,6,3,1,0,1,2,12
16,4,4,3,3,5,16,4,4,3,3,5,0
9,2,2,3,1,2,8,2,1,3,1,2,7
15,4,3,5,2,3,9,2,2,3,1,2,24
34,6,11,6,2,11,10,3,1,3,1,3,17
17,5,2,8,1,2,9,2,1,4,1,2,6
27,6,11,6,1,4,10,3,1,3,1,3,14
34,7,12,8,3,7,34,7,12,8,3,7,0
29,7,12,8,1,2,29,7,12,8,1,2,0
37,3,4,4,7,26,10,3,1,4,1,2,14
16,3,4,4,1,5,10,3,1,4,1,2,11
24,5,8,8,1,3,9,2,1,4,1,2,17
18,7,4,5,1,2,12,5,1,4,1,2,10
14,4,5,3,1,2,9,2,2,3,1,2,14
12,3,3,4,1,2,9,2,2,3,1,2,12
14,3,6,0,1,5,6,3,1,0,1,2,13
14,4,3,5,1,2,14,4,3,5,1,2,0
13,4,3,5,1,1,13,4,3,5,1,1,0
14,3,6,0,1,5,8,3,3,0,1,2,13
28,3,6,0,4,19,8,3,3,0,1,2,16
24,7,5,3,5,9,24,7,5,3,5,9,0
13,3,2,6,1,2,12,3,1,6,1,2,7
148,3,4,1,30,140,148,3,4,1,30,140,0
15,5,3,4,1,3,15,5,3,4,1,3,0
21,6,7,5,1,3,12,4,3,3,1,2,17
33,6,7,5,5,15,33,6,7,5,5,15,0
32,8,11,10,1,3,10,3,1,4,1,2,19
14,5,4,1,2,4,14,5,4,1,2,4,0
40,8,11,10,4,11,18,6,2,8,1,2,18
19,6,8,0,2,5,6,3,1,0,1,2,18
17,3,3,6,2,5,17,3,3,6,2,5,0
19,3,6,7,1,3,13,3,2,6,1,2,14
22,5,5,6,2,6,7,2,1,2,1,2,15
23,5,5,6,3,7,9,3,1,3,1,2,19
9,2,3,2,1,2,7,2,1,2,1,2,6
32,3,4,7,7,18,32,3,4,7,7,18,0
39,3,4,7,9,25,39,3,4,7,9,25,0
33,6,7,5,5,15,33,6,7,5,5,15,0
27,8,6,8,4,5,27,8,6,8,4,5,0
19,7,7,2,1,3,10,4,2,2,1,2,11
10,3,4,0,1,3,5,2,1,0,1,2,12
13,3,4,0,2,6,5,2,1,0,1,2,13
15,4,4,5,1,2,9,2,2,3,1,2,17
26,8,6,10,1,2,7,2,1,2,1,2,12
19,6,5,1,4,7,19,6,5,1,4,7,0
14,4,5,0,1,5,5,2,1,0,1,2,15
12,4,5,0,1,3,5,2,1,0,1,2,16
14,4,2,6,1,2,14,4,2,6,1,2,2
6,3,1,0,1,2,5,2,1,0,1,2,9
29,4,7,4,4,14,7,2,1,2,1,2,14
14,6,4,2,1,2,6,3,1,0,1,2,15
26,7,7,9,1,3,26,7,7,9,1,3,0
26,6,8,6,4,6,26,6,8,6,4,6,0
19,4,6,3,3,6,19,4,6,3,3,6,0
27,4,7,0,4,16,7,3,1,0,1,3,19
15,4,6,3,1,2,15,4,6,3,1,2,0
31,7,8,8,4,8,31,7,8,8,4,8,0
24,6,9,3,2,6,7,2,2,1,1,2,34
13,2,3,2,2,6,7,2,1,2,1,2,12
12,4,5,2,1,1,12,4,5,2,1,1,0
14,3,3,4,3,4,14,3,3,4,3,4,0
14,4,5,3,1,2,11,4,2,3,1,2,13
23,4,8,8,1,3,9,2,1,4,1,2,17
34,3,4,2,11,25,34,3,4,2,11,25,0
21,6,8,4,1,3,6,3,1,0,1,2,15
6,2,1,1,1,2,6,2,1,1,1,2,0
5,2,1,1,1,1,5,2,1,1,1,1,0
18,4,8,3,1,3,7,2,1,1,1,3,11
23,7,9,2,1,5,8,3,2,0,1,3,20
20,6,5,1,4,8,20,6,5,1,4,8,0
23,7,9,2,1,5,9,4,2,0,1,3,19
13,2,2,2,2,7,9,2,2,2,1,3,12
35,6,8,1,8,20,35,6,8,1,8,20,0
12,6,0,5,1,1,12,6,0,5,1,1,0
10,3,2,3,1,2,9,3,1,3,1,2,7
11,5,2,2,1,2,5,2,1,0,1,2,12
14,4,7,0,1,3,7,3,2,0,1,2,10
20,5,6,6,1,3,7,2,1,2,1,2,12
29,4,7,0,4,18,9,3,3,0,1,3,19
19,5,3,4,3,7,10,4,1,3,1,2,11
19,5,6,6,1,2,7,2,1,2,1,2,7
14,4,6,2,1,2,10,4,2,2,1,2,22
15,4,5,4,1,2,15,4,5,4,1,2,0
16,4,4,4,2,4,9,2,2,2,1,3,33
21,5,6,8,1,2,16,5,1,8,1,2,13
12,2,3,4,1,3,9,2,1,4,1,2,9
9,4,1,3,1,1,9,4,1,3,1,1,0
12,4,1,3,1,4,12,4,1,3,1,4,0
25,6,4,7,3,8,13,3,2,5,1,3,35
8,3,3,0,1,2,7,3,2,0,1,2,7
8,3,3,0,1,2,7,3,2,0,1,2,7
21,5,6,7,1,3,15,5,1,7,1,2,14
22,5,6,7,1,4,15,5,1,7,1,2,16
9,2,3,2,1,2,8,2,2,2,1,2,11
13,3,4,3,2,3,11,3,2,3,2,3,23
33,7,11,9,2,6,7,2,1,2,1,2,20
29,7,11,9,1,2,7,2,1,2,1,2,17
21,4,8,5,1,4,9,2,1,3,1,3,17
22,4,8,5,1,5,9,2,1,3,1,3,18
19,4,6,6,1,3,10,2,1,4,1,3,14
96,4,6,5,23,81,96,4,6,5,23,81,0
29,6,9,6,1,8,14,5,1,6,1,2,21
13,3,4,3,1,3,10,3,2,3,1,2,10
13,3,4,3,1,3,10,3,2,3,1,2,10
25,8,8,7,1,2,7,2,1,2,1,2,6
12,4,6,0,1,2,6,3,1,0,1,2,12
18,4,6,0,2,8,6,3,1,0,1,2,15
23,5,8,8,1,2,12,3,1,6,1,2,16
52,6,7,1,14,38,52,6,7,1,14,38,0
12,4,4,2,1,2,10,4,2,2,1,2,8
20,5,7,3,2,5,8,4,2,0,1,2,15
12,3,2,4,1,3,9,2,1,3,1,3,11
12,3,2,4,1,3,9,2,1,3,1,3,11
15,6,6,1,1,2,8,3,2,1,1,2,14
26,6,10,7,1,3,11,3,1,4,1,3,12
9,2,3,1,1,3,7,2,2,1,1,2,15
8,2,3,1,1,2,7,2,2,1,1,2,11
14,4,2,4,2,4,9,3,1,3,1,2,8
12,4,2,4,1,2,9,3,1,3,1,2,8
21,6,8,4,2,3,21,6,8,4,2,3,0
12,3,3,3,1,3,7,2,1,2,1,2,11
20,5,5,8,1,2,13,3,2,6,1,2,9
11,3,3,3,1,2,7,2,1,2,1,2,9
20,5,5,8,1,2,13,3,2,6,1,2,9
9,2,2,3,1,2,9,2,2,3,1,2,4
20,8,5,1,4,6,20,8,5,1,4,6,0
11,3,2,3,1,3,7,2,1,2,1,2,9
29,7,10,5,1,7,13,5,1,4,1,3,26
20,4,6,7,1,3,16,4,2,7,1,3,27
30,8,11,9,1,2,30,8,11,9,1,2,0
27,3,6,3,5,15,7,2,1,2,1,2,12
34,8,11,9,2,6,34,8,11,9,2,6,0
5,2,1,1,1,1,5,2,1,1,1,1,0
30,8,11,9,1,2,30,8,11,9,1,2,0
6,2,0,3,1,1,6,2,0,3,1,1,0
18,3,2,6,4,7,18,3,2,6,4,7,0
17,4,6,5,1,2,9,3,1,3,1,2,8
17,4,6,5,1,2,9,3,1,3,1,2,13
37,5,4,9,7,19,37,5,4,9,7,19,0
12,3,6,1,1,2,9,3,3,1,1,2,10
26,6,7,11,1,2,18,5,1,10,1,2,14
17,4,6,5,1,2,9,3,1,3,1,2,8
16,4,3,3,1,6,5,2,1,0,1,2,15
13,2,2,3,3,6,13,2,2,3,3,6,0
27,7,10,0,4,10,6,3,1,0,1,2,20
24,7,10,0,2,7,5,2,1,0,1,2,16
14,5,4,2,1,3,8,4,2,0,1,2,11
13,5,4,2,1,2,8,4,2,0,1,2,11
6,2,1,1,1,2,6,2,1,1,1,2,0
14,4,3,5,2,2,14,4,3,5,2,2,0
47,3,3,6,9,35,47,3,3,6,9,35,0
39,2,3,3,6,31,10,2,2,3,1,3,18
43,3,3,6,10,31,43,3,3,6,10,31,0
18,3,3,6,1,6,18,3,3,6,1,6,0
24,3,3,6,3,12,24,3,3,6,3,12,0
11,3,2,3,1,3,7,2,1,2,1,2,9
10,2,3,0,1,5,5,2,1,0,1,2,11
10,2,3,0,2,5,5,2,1,0,1,2,12
20,6,5,6,1,3,13,4,1,6,1,2,15
20,6,5,6,1,3,14,4,2,6,1,2,15
23,6,5,6,3,6,13,4,1,6,1,2,15
24,6,5,6,2,7,11,4,1,4,1,2,16
10,3,2,3,1,2,9,3,1,3,1,2,7
40,6,10,7,6,17,40,6,10,7,6,17,0
17,4,4,7,1,2,13,3,2,6,1,2,11
12,3,4,3,1,2,7,2,1,2,1,2,8
20,6,4,8,1,2,9,3,1,3,1,2,10
16,7,7,0,1,2,5,2,1,0,1,2,16
27,7,9,8,1,3,27,7,9,8,1,3,0
11,3,3,3,1,2,9,2,2,3,1,2,11
19,6,4,7,1,2,19,6,4,7,1,2,0
12,3,2,2,2,5,7,2,1,2,1,2,9
19,6,4,7,1,2,12,5,1,4,1,2,4
31,7,8,12,3,4,31,7,8,12,3,4,0
21,5,6,1,3,9,21,5,6,1,3,9,0
15,5,6,1,1,3,6,3,1,0,1,2,18
22,5,6,1,4,10,22,5,6,1,4,10,0
13,3,5,3,1,2,9,3,1,3,1,2,10
27,8,6,11,1,2,27,8,6,11,1,2,0
27,8,6,11,1,2,27,8,6,11,1,2,0
14,3,5,3,1,3,10,3,2,3,1,2,10
15,3,5,3,1,4,10,3,2,3,1,2,11
17,3,5,3,2,6,10,3,2,3,1,2,11
10,2,1,5,1,2,10,2,1,5,1,2,0
9,2,1,5,1,1,9,2,1,5,1,1,0
6,2,1,1,1,2,6,2,1,1,1,2,0
33,3,4,4,8,22,33,3,4,4,8,22,0
28,6,9,2,2,11,11,5,2,1,1,3,17
16,4,3,5,1,4,13,4,1,5,1,3,12
22,6,9,2,1,5,11,5,3,1,1,2,13
18,4,4,4,2,6,18,4,4,4,2,6,0
17,4,3,5,1,5,13,4,1,5,1,3,14
14,4,4,4,1,2,14,4,4,4,1,2,0
23,4,4,4,3,11,11,4,2,3,1,2,11
12,3,4,2,1,3,7,2,1,2,1,2,11
36,5,6,9,7,16,36,5,6,9,7,16,0
26,5,6,9,3,6,26,5,6,9,3,6,0
26,4,4,1,4,17,9,4,2,0,1,3,15
12,3,4,1,3,4,12,3,4,1,3,4,0
31,4,9,7,5,11,31,4,9,7,5,11,0
26,6,9,7,1,4,7,2,1,2,1,2,14
36,6,9,7,5,14,11,3,3,3,1,2,21
30,6,9,7,3,8,7,2,1,2,1,2,17
32,7,10,7,4,8,32,7,10,7,4,8,0
10,2,3,1,1,4,10,2,3,1,1,4,0
9,2,3,1,1,3,9,2,3,1,1,3,0
8,2,3,1,1,2,8,2,3,1,1,2,0
17,2,3,1,5,11,17,2,3,1,5,11,0
40,8,10,7,4,15,17,6,2,6,1,3,25
31,6,7,11,3,7,31,6,7,11,3,7,0
30,6,7,11,3,6,30,6,7,11,3,6,0
20,6,7,4,1,3,6,2,1,1,1,2,11
18,5,5,6,1,2,7,2,1,2,1,2,10
24,3,5,1,6,15,24,3,5,1,6,15,0
14,3,5,1,3,5,14,3,5,1,3,5,0
15,5,4,3,1,3,7,2,1,1,1,3,14
15,5,3,3,2,4,14,5,3,3,2,3,24
16,6,5,4,1,1,16,6,5,4,1,1,0
16,3,5,5,1,3,9,2,1,4,1,2,9
15,5,6,0,1,4,7,3,1,0,1,3,18
8,2,2,1,1,3,8,2,2,1,1,3,8
9,2,2,3,1,2,9,2,2,3,1,2,5
16,5,6,0,1,5,7,3,1,0,1,3,18
27,7,8,5,2,7,27,7,8,5,2,7,0
7,2,1,0,1,4,6,2,1,0,1,3,12
12,2,2,1,2,7,8,2,2,1,1,3,15
16,4,3,4,2,5,7,2,1,2,1,2,15
12,6,4,0,1,2,8,5,1,0,1,2,12
33,7,8,9,3,9,7,2,1,2,1,2,18
20,6,5,8,1,1,20,6,5,8,1,1,0
31,8,10,8,1,5,14,5,2,4,1,3,25
45,8,10,8,4,19,14,5,2,4,1,3,24
11,3,1,6,1,1,11,3,1,6,1,1,0
8,2,3,1,1,2,8,2,3,1,1,2,0
27,6,9,8,2,4,13,3,2,6,1,2,19
13,2,3,2,2,6,7,2,1,2,1,2,11
12,3,1,5,2,3,12,3,1,5,2,3,0
15,3,4,3,2,5,7,2,1,2,1,2,12
15,3,4,3,2,5,11,3,3,3,1,2,8
17,4,1,6,2,6,10,2,1,4,1,3,12
15,4,1,6,1,4,10,2,1,4,1,3,12
24,6,7,4,3,7,9,4,1,2,1,2,15
13,2,2,4,2,5,9,2,1,4,1,2,9
15,3,4,6,1,2,15,3,4,6,1,2,0
11,3,1,6,1,1,11,3,1,6,1,1,0
54,6,7,6,13,35,54,6,7,6,13,35,0
13,3,4,4,1,2,8,2,1,3,1,2,11
23,3,4,6,4,10,23,3,4,6,4,10,0
16,3,4,6,1,3,16,3,4,6,1,3,0
12,3,1,6,1,2,12,3,1,6,1,2,0
15,3,6,3,1,3,11,3,3,3,1,2,12
19,3,6,3,2,7,11,3,3,3,1,2,11
19,3,6,3,3,7,9,3,1,3,1,2,14
10,3,2,2,2,3,10,3,2,2,2,3,0
11,3,3,0,1,5,6,3,1,0,1,2,11
17,3,3,0,3,11,8,3,2,0,1,3,12
18,3,3,0,3,12,6,3,1,0,1,2,13
21,3,3,0,3,15,8,3,2,0,1,3,14
19,4,4,5,2,6,10,3,1,4,1,2,14
14,5,5,2,1,2,5,2,1,0,1,2,11
13,2,3,2,2,6,7,2,1,2,1,2,9
18,4,6,6,1,2,8,2,1,3,1,2,8
13,2,3,2,2,6,7,2,1,2,1,2,10
20,5,7,5,1,3,9,3,1,3,1,2,13
14,3,4,3,1,4,7,2,1,2,1,2,9
50,4,5,8,8,33,14,3,3,6,1,2,16
31,5,7,5,5,14,9,3,1,3,1,2,13
27,4,5,8,2,10,14,3,3,6,1,2,13
25,4,5,8,2,8,10,2,1,4,1,3,16
22,5,7,5,2,5,11,3,3,3,1,2,11
7,2,3,0,1,2,5,2,1,0,1,2,10
11,3,3,1,3,4,11,3,3,1,3,4,0
18,3,4,3,3,8,9,3,1,3,1,2,10
11,3,3,3,1,2,9,3,1,3,1,2,8
17,5,5,5,1,2,9,3,1,3,1,2,9
26,6,6,8,1,6,9,2,1,3,1,3,24
10,2,2,4,1,2,9,2,1,4,1,2,7
12,2,3,4,1,3,9,2,1,4,1,2,9
14,4,4,4,1,2,5,2,1,0,1,2,12
26,6,7,1,3,12,10,5,1,1,1,3,16
18,6,7,1,1,4,10,5,1,1,1,3,18
22,4,5,1,7,12,22,4,5,1,7,12,0
11,5,3,1,1,2,9,4,3,0,1,2,8
29,7,8,3,2,11,9,4,1,1,1,3,23
17,5,4,6,1,2,11,3,1,5,1,2,8
37,7,8,3,4,19,7,3,1,0,1,3,25
17,5,4,6,1,2,11,3,1,5,1,2,10
17,5,4,6,1,2,11,3,1,5,1,2,10
12,3,4,0,2,5,6,3,1,0,1,2,12
24,6,9,4,2,5,24,6,9,4,2,5,0
9,3,4,0,1,2,7,3,2,0,1,2,8
21,6,9,4,1,2,21,6,9,4,1,2,0
20,6,9,4,1,1,20,6,9,4,1,1,0
74,4,6,0,19,64,6,3,1,0,1,2,22
14,4,6,0,1,4,6,3,1,0,1,2,16
46,4,6,0,11,36,7,3,2,0,1,2,17
12,4,6,0,1,2,6,3,1,0,1,2,14
26,4,6,0,5,16,8,3,3,0,1,2,13
12,4,6,0,1,2,8,3,3,0,1,2,8
14,3,5,4,1,2,8,2,1,3,1,2,9
13,3,2,6,1,2,9,2,1,4,1,2,8
14,3,2,6,1,3,9,2,1,4,1,2,9
18,3,2,6,2,7,10,2,1,4,1,3,12
11,3,5,1,1,2,6,2,1,1,1,2,9
14,3,5,1,2,5,6,2,1,1,1,2,9
13,6,5,0,1,2,5,2,1,0,1,2,13
4,2,0,1,1,1,4,2,0,1,1,1,0
21,5,5,5,2,6,10,3,2,3,1,2,11
16,4,8,1,1,3,6,3,1,0,1,2,17
11,3,3,3,1,2,9,3,1,3,1,2,8
18,5,5,5,1,3,7,2,1,2,1,2,12
22,3,3,1,6,15,22,3,3,1,6,15,0
26,5,5,3,4,13,12,4,3,3,1,2,13
15,5,5,3,1,2,7,2,1,2,1,2,12
11,3,3,3,1,2,10,3,2,3,1,2,7
13,3,3,3,1,4,11,3,3,3,1,2,7
20,4,7,2,2,7,8,3,1,2,1,2,15
5,2,0,2,1,1,5,2,0,2,1,1,0
15,3,6,3,1,3,10,2,2,3,1,3,14
22,5,5,5,2,7,9,3,1,3,1,2,15
31,4,8,3,5,16,7,2,1,2,1,2,14
12,3,2,4,2,3,12,3,2,4,2,3,0
12,3,2,4,1,3,12,3,2,4,1,3,0
11,3,2,4,1,2,11,3,2,4,1,2,0
17,4,8,2,1,3,9,4,1,2,1,2,11
16,4,3,6,1,3,8,2,1,3,1,2,12
16,4,3,6,1,3,8,2,1,3,1,2,12
35,7,9,7,4,12,7,2,1,2,1,2,20
32,7,9,7,3,9,7,2,1,2,1,2,17
28,7,9,7,2,5,7,2,1,2,1,2,16
28,7,9,7,2,5,10,3,2,3,1,2,16
23,7,6,8,1,2,15,5,1,7,1,2,12
7,2,3,0,1,2,5,2,1,0,1,2,11
7,2,3,0,1,2,5,2,1,0,1,2,9
12,2,3,0,2,7,5,2,1,0,1,2,13
21,4,8,6,1,3,8,2,1,3,1,2,12
22,4,8,6,1,4,8,2,1,3,1,2,12
24,5,8,6,2,5,24,5,8,6,2,5,0
27,5,8,6,3,8,27,5,8,6,3,8,0
26,7,3,12,1,4,13,3,1,6,1,3,20
16,3,3,5,2,5,9,2,1,4,1,2,12
25,7,3,12,1,3,13,3,1,6,1,3,14
9,2,3,2,1,2,7,2,1,2,1,2,8
10,3,3,1,1,3,8,2,2,1,1,3,12
23,5,8,6,1,4,8,2,1,3,1,2,14
7,2,1,3,1,1,7,2,1,3,1,1,0
21,7,7,4,1,3,13,6,2,3,1,2,13
38,3,5,2,11,28,38,3,5,2,11,28,0
9,3,4,0,1,2,6,3,1,0,1,2,11
14,3,5,2,2,4,14,3,5,2,2,4,0
39,8,9,7,5,15,6,3,1,0,1,2,21
26,8,9,7,1,2,6,3,1,0,1,2,19
16,5,2,8,1,1,16,5,2,8,1,1,0
26,8,9,7,1,2,16,6,2,6,1,2,18
26,8,9,7,1,2,6,3,1,0,1,2,18
9,2,3,2,1,2,9,2,3,2,1,2,0
18,3,5,4,2,6,8,2,1,3,1,2,11
49,6,8,6,10,29,49,6,8,6,10,29,0
11,3,3,0,2,5,7,3,2,0,1,2,8
20,5,6,3,2,6,7,2,1,2,1,2,15
19,5,6,3,2,5,7,2,1,2,1,2,12
20,7,10,1,1,2,8,5,1,0,1,2,11
22,7,10,1,2,4,8,5,1,0,1,2,17
13,3,3,5,1,2,9,2,1,4,1,2,8
14,5,3,2,3,4,14,5,3,2,3,4,0
9,3,4,0,1,2,6,3,1,0,1,2,11
9,2,1,3,1,3,9,2,1,3,1,3,4
22,7,8,1,3,6,22,7,8,1,3,6,0
16,4,7,2,1,3,9,3,2,2,1,2,14
12,2,3,2,2,5,7,2,1,2,1,2,11
42,5,7,8,8,22,42,5,7,8,8,22,0
16,4,7,2,1,3,8,3,1,2,1,2,20
12,2,3,4,1,3,9,2,1,4,1,2,9
16,2,3,4,2,7,9,2,1,4,1,2,11
11,3,4,2,1,2,7,2,1,2,1,2,8
17,4,2,3,3,8,17,4,2,3,3,8,0
10,2,3,3,1,2,8,2,1,3,1,2,8
14,5,5,3,1,1,14,5,5,3,1,1,0
15,5,5,3,1,2,15,5,5,3,1,2,0
22,4,5,8,3,5,22,4,5,8,3,5,0
23,4,5,8,3,6,23,4,5,8,3,6,0
7,2,2,0,1,3,5,2,1,0,1,2,10
9,2,1,4,1,2,9,2,1,4,1,2,2
48,7,10,1,10,30,9,4,2,1,1,2,111
18,3,5,3,2,7,9,3,1,3,1,2,27
38,6,8,1,6,23,38,6,8,1,6,23,0
15,2,3,1,2,9,7,2,1,1,1,3,13
13,3,4,4,1,2,13,3,4,4,1,2,0
16,3,4,4,2,5,16,3,4,4,2,5,0
12,3,4,4,1,1,12,3,4,4,1,1,0
15,5,3,5,1,2,6,2,1,1,1,2,11
17,6,9,0,1,2,5,2,1,0,1,2,18
19,6,9,0,1,4,6,3,1,0,1,2,18
29,7,11,8,2,3,15,5,2,6,1,2,29
20,8,3,6,3,3,20,8,3,6,3,3,0
50,6,6,0,9,38,7,3,1,0,1,3,24
26,6,6,0,4,14,7,3,2,0,1,2,15
25,6,6,0,3,13,7,3,1,0,1,3,18
34,6,6,0,6,22,7,3,1,0,1,3,23
18,6,6,0,2,6,7,3,2,0,1,2,12
19,6,6,0,2,7,7,3,2,0,1,2,14
15,4,7,3,1,1,15,4,7,3,1,1,0
26,6,7,8,1,5,10,3,1,3,1,3,21
8,2,0,5,1,1,8,2,0,5,1,1,0
16,4,7,3,1,2,16,4,7,3,1,2,0
22,5,7,7,1,3,11,3,1,4,1,3,14
19,4,7,6,1,2,8,2,1,3,1,2,7
75,6,9,8,15,52,10,3,2,3,1,2,18
16,4,5,2,2,5,7,2,1,2,1,2,12
21,5,4,10,1,2,14,4,2,6,1,2,13
27,5,4,10,3,8,9,2,1,4,1,2,15
9,2,2,3,1,2,8,2,1,3,1,2,7
21,5,4,10,1,2,14,4,2,6,1,2,13
25,5,7,10,1,3,9,2,1,4,1,2,9
16,4,7,1,1,4,7,2,1,1,1,3,13
11,3,5,1,1,2,6,2,1,1,1,2,8
15,5,1,5,3,4,15,5,1,5,3,4,0
11,3,3,3,1,2,9,3,1,3,1,2,8
28,5,5,3,7,15,28,5,5,3,7,15,0
19,6,5,6,1,2,10,3,2,3,1,2,10
20,6,5,6,1,3,10,3,2,3,1,2,10
108,7,8,2,23,91,108,7,8,2,23,91,0
19,7,8,2,1,2,10,5,1,2,1,2,10
19,7,8,2,1,2,10,5,1,2,1,2,10
11,2,3,3,1,3,10,2,2,3,1,3,14
7,2,3,1,1,1,7,2,3,1,1,1,0
10,2,3,1,2,4,10,2,3,1,2,4,0
9,2,3,1,1,3,9,2,3,1,1,3,0
22,3,3,6,4,10,9,2,1,4,1,2,12
20,7,6,5,1,2,20,7,6,5,1,2,0
15,5,4,2,2,4,8,4,1,1,1,2,11
13,5,4,2,1,2,9,4,1,2,1,2,8
13,4,3,4,1,2,11,4,1,4,1,2,8
84,6,12,7,19,59,84,6,12,7,19,59,0
36,8,12,11,1,5,9,2,2,3,1,2,25
22,7,9,4,1,2,10,4,1,3,1,2,13
21,3,4,2,5,12,21,3,4,2,5,12,0
41,8,12,11,3,10,11,3,2,3,1,3,26
10,2,3,2,1,3,7,2,1,2,1,2,9
12,2,3,3,1,4,9,2,1,3,1,3,12
9,2,3,2,1,2,7,2,1,2,1,2,7
15,2,3,3,2,7,8,2,1,3,1,2,11
9,2,3,2,1,2,7,2,1,2,1,2,8
231,8,9,4,42,210,10,5,1,2,1,2,28
201,8,9,4,35,180,13,5,3,2,1,3,28
27,8,9,4,1,6,13,5,3,2,1,3,22
11,3,2,4,1,2,7,2,1,2,1,2,8
25,3,6,6,2,10,10,2,1,4,1,3,17
51,8,9,4,6,30,13,5,3,2,1,3,28
19,2,2,4,3,11,9,2,1,4,1,2,9
32,6,5,3,5,18,32,6,5,3,5,18,0
50,3,6,6,8,35,12,3,1,6,1,2,17
41,8,9,4,4,20,11,5,2,2,1,2,22
22,5,6,6,2,5,15,5,2,6,1,2,14
11,2,2,4,1,3,10,2,1,4,1,3,10
12,3,3,4,1,2,7,2,1,2,1,2,4
29,4,7,0,5,18,7,3,2,0,1,2,15
19,4,5,7,1,3,19,4,5,7,1,3,0
10,3,5,0,1,2,6,3,1,0,1,2,12
19,4,5,7,2,3,19,4,5,7,2,3,0
18,4,5,7,1,2,18,4,5,7,1,2,0
18,3,5,0,4,10,5,2,1,0,1,2,16
10,4,2,2,1,2,9,4,1,2,1,2,6
11,4,2,2,1,3,9,4,1,2,1,2,8
25,6,6,11,1,2,11,3,1,5,1,2,13
12,3,4,3,1,2,9,3,1,3,1,2,9
26,8,7,7,2,4,26,8,7,7,2,4,0
24,8,7,7,1,2,24,8,7,7,1,2,0
25,5,9,1,2,10,5,2,1,0,1,2,20
24,5,7,9,1,3,12,3,1,6,1,2,14
22,5,5,7,2,5,8,2,1,3,1,2,15
5,2,1,1,1,1,5,2,1,1,1,1,0
14,4,3,5,1,2,9,2,1,4,1,2,11
28,5,7,9,2,7,9,2,1,4,1,2,14
16,7,3,4,1,2,12,5,2,3,1,2,9
36,4,5,5,8,22,7,2,1,2,1,2,17
17,4,5,5,1,3,7,2,1,2,1,2,11
8,2,1,2,1,3,8,2,1,2,1,3,4
19,7,3,4,2,5,5,2,1,0,1,2,19
31,6,8,7,4,10,11,3,3,3,1,2,17
65,8,9,10,11,38,11,3,3,3,1,2,23
31,8,9,10,1,4,11,3,3,3,1,2,32
30,8,9,10,1,3,14,4,3,5,1,2,25
29,7,10,8,1,4,8,2,1,2,1,3,17
13,3,3,4,1,3,7,2,1,2,1,2,9
12,3,2,5,1,2,9,2,2,3,1,2,9
17,3,3,4,3,7,17,3,3,4,3,7,0
38,6,8,6,5,18,10,3,1,3,1,3,20
7,2,2,1,1,2,7,2,2,1,1,2,6
135,6,12,5,39,112,135,6,12,5,39,112,0
8,3,3,0,1,2,8,3,3,0,1,2,2
10,3,3,0,1,4,8,3,3,0,1,2,8
9,3,3,0,1,3,7,3,2,0,1,2,8
9,3,3,0,1,3,8,3,3,0,1,2,7
24,5,4,6,2,9,24,5,4,6,2,9,0
20,5,4,6,2,5,9,3,1,3,1,2,11
14,4,4,3,1,3,7,2,1,1,1,3,12
20,5,6,7,1,2,9,3,1,3,1,2,9
17,4,4,6,1,3,8,2,1,3,1,2,12
28,4,6,6,3,12,11,3,1,5,1,2,12
17,4,4,6,1,3,8,2,1,3,1,2,14
22,4,6,6,1,6,12,3,1,5,1,3,13
58,4,6,6,8,42,12,3,1,5,1,3,18
26,4,6,6,2,10,11,3,1,5,1,2,12
20,4,6,6,1,4,11,3,1,5,1,2,9
20,4,6,6,1,4,12,3,1,5,1,3,14
10,2,3,3,1,2,8,2,1,3,1,2,8
26,6,5,4,6,11,26,6,5,4,6,11,0
26,7,10,4,2,5,6,2,1,1,1,2,17
24,4,4,6,4,10,24,4,4,6,4,10,0
22,5,8,7,1,2,9,2,1,4,1,2,11
21,5,5,8,1,3,8,2,1,3,1,2,15
23,5,8,7,1,3,9,2,1,4,1,2,14
20,5,5,8,1,2,8,2,1,3,1,2,13
16,7,7,0,1,2,6,3,1,0,1,2,17
31,7,11,7,3,6,31,7,11,7,3,6,0
16,7,7,0,1,2,6,3,1,0,1,2,15
11,2,2,4,1,3,9,2,1,4,1,2,8
10,2,2,4,1,2,9,2,1,4,1,2,6
19,4,3,8,1,4,13,3,1,6,1,3,14
21,6,7,3,2,5,7,3,2,0,1,2,15
18,5,3,6,2,4,9,3,1,3,1,2,14
11,3,3,3,1,2,7,2,1,2,1,2,7
21,6,7,3,2,5,7,3,2,0,1,2,16
19,4,3,8,1,4,10,2,1,4,1,3,15
29,6,5,5,6,13,29,6,5,5,6,13,0
17,4,6,5,1,2,8,2,1,3,1,2,8
29,8,6,5,4,10,11,5,1,3,1,2,16
12,2,3,2,2,5,7,2,1,2,1,2,9
13,3,3,5,1,2,9,2,1,4,1,2,8
23,5,7,3,2,8,9,4,1,2,1,2,14
24,8,6,5,2,5,11,5,1,3,1,2,14
12,4,4,0,2,4,6,3,1,0,1,2,12
13,4,4,0,2,5,6,3,1,0,1,2,14
22,4,8,5,2,5,8,2,1,3,1,2,11
20,7,6,5,1,2,7,3,2,0,1,2,10
10,4,4,0,1,2,6,3,1,0,1,2,11
11,4,4,0,1,3,6,3,1,0,1,2,12
37,7,6,5,7,19,7,3,2,0,1,2,19
29,8,10,7,2,4,6,3,1,0,1,2,18
11,4,4,0,1,3,5,2,1,0,1,2,13
24,6,6,9,1,3,17,5,2,8,1,2,13
23,6,6,9,1,2,17,5,2,8,1,2,12
27,8,10,7,1,2,6,3,1,0,1,2,15
17,4,4,7,1,2,9,2,1,4,1,2,12
4,2,0,1,1,1,4,2,0,1,1,1,0
22,6,5,10,1,1,22,6,5,10,1,1,0
24,7,6,8,1,3,8,2,1,2,1,3,11
13,6,3,0,1,4,7,3,1,0,1,3,18
10,2,3,4,1,1,10,2,3,4,1,1,0
17,5,8,2,1,2,7,3,2,0,1,2,10
14,2,3,4,2,5,14,2,3,4,2,5,0
11,2,3,4,1,2,11,2,3,4,1,2,0
17,5,8,2,1,2,7,3,2,0,1,2,11
22,6,6,3,2,7,5,2,1,0,1,2,14
34,6,6,3,4,19,5,2,1,0,1,2,19
29,6,6,3,3,14,5,2,1,0,1,2,18
12,4,5,1,1,2,7,3,2,0,1,2,10
13,4,5,1,1,3,7,3,2,0,1,2,14
10,2,3,3,1,2,9,2,2,3,1,2,11
24,7,10,5,1,2,10,5,1,2,1,2,10
11,3,3,3,1,2,11,3,3,3,1,2,0
18,6,8,0,2,4,9,5,2,0,1,2,15
18,4,4,5,2,5,9,3,1,3,1,2,13
29,7,9,8,2,5,29,7,9,8,2,5,0
27,7,9,8,2,3,27,7,9,8,2,3,0
19,4,5,3,2,7,9,3,1,3,1,2,12
18,4,4,5,2,5,12,4,1,5,1,2,11
12,3,1,6,1,2,9,2,1,4,1,2,7
28,8,8,9,2,3,28,8,8,9,2,3,0
40,6,6,7,7,21,40,6,6,7,7,21,0
29,8,8,9,1,4,29,8,8,9,1,4,0
13,2,1,5,2,5,13,2,1,5,2,5,0
13,8,3,0,1,2,6,3,1,0,1,2,15
13,8,3,0,1,2,6,3,1,0,1,2,18
7,3,2,1,1,1,7,3,2,1,1,1,0
9,2,1,5,1,1,9,2,1,5,1,1,0
13,8,3,0,1,2,6,3,1,0,1,2,17
21,6,5,1,6,9,21,6,5,1,6,9,0
39,5,8,6,5,20,14,4,2,6,1,2,24
21,5,8,6,1,2,13,4,1,6,1,2,16
9,3,4,0,1,2,6,3,1,0,1,2,11
30,8,11,5,2,6,9,4,3,0,1,2,16
34,5,8,6,3,15,14,4,2,6,1,2,17
9,3,4,0,1,2,6,3,1,0,1,2,10
10,2,3,3,1,2,8,2,1,3,1,2,8
13,4,6,0,1,3,8,3,3,0,1,2,12
29,8,7,12,1,2,20,7,1,10,1,2,12
31,8,7,12,2,4,20,7,1,10,1,2,14
16,4,6,0,2,6,8,3,3,0,1,2,10
12,4,6,0,1,2,6,3,1,0,1,2,11
30,5,8,3,5,14,30,5,8,3,5,14,0
17,6,6,0,2,5,6,3,1,0,1,2,17
71,6,8,8,14,49,15,5,2,6,1,2,19
15,3,5,4,1,3,11,3,3,3,1,2,11
20,4,6,4,2,6,7,2,1,2,1,2,11
40,6,4,3,8,27,14,5,2,3,2,4,88
18,5,8,3,1,2,18,5,8,3,1,2,0
17,4,6,4,1,3,10,3,2,3,1,2,11
25,8,8,5,2,4,10,5,1,2,1,2,13
31,8,9,12,1,2,13,3,2,6,1,2,12
18,5,2,9,1,2,11,3,1,5,1,2,8
33,7,12,7,2,7,33,7,12,7,2,7,0
42,8,9,12,5,13,9,2,1,4,1,2,16
7,2,0,4,1,1,7,2,0,4,1,1,0
14,3,5,0,2,6,8,3,3,0,1,2,11
18,3,5,0,3,10,8,3,3,0,1,2,11
13,3,5,0,2,5,8,3,3,0,1,2,10
28,7,12,5,1,4,12,5,1,3,1,3,22
20,4,3,3,3,10,10,3,2,2,1,3,15
22,6,4,7,3,5,22,6,4,7,3,5,0
7,2,0,4,1,1,7,2,0,4,1,1,0
16,3,5,1,3,7,16,3,5,1,3,7,0
24,3,5,1,5,15,24,3,5,1,5,15,0
19,5,3,9,1,2,8,2,1,3,1,2,4
21,5,5,2,5,9,21,5,5,2,5,9,0
25,6,5,7,4,7,11,3,2,4,1,2,69
15,2,3,2,3,8,7,2,1,2,1,2,9
28,5,5,5,6,13,28,5,5,5,6,13,0
19,4,6,4,2,5,19,4,6,4,2,5,0
18,4,4,5,2,5,11,3,3,3,1,2,11
18,4,4,6,1,4,12,3,1,6,1,2,13
17,4,4,6,1,3,12,3,1,6,1,2,11
14,6,4,1,2,3,11,5,2,1,2,3,29
15,4,4,3,2,4,7,2,1,2,1,2,11
16,3,3,5,2,5,9,2,1,4,1,2,12
23,5,7,1,4,10,6,3,1,0,1,2,19
10,3,2,3,1,2,10,3,2,3,1,2,0
22,5,5,7,2,5,22,5,5,7,2,5,0
10,2,2,4,1,2,10,2,2,4,1,2,0
18,3,3,4,4,8,18,3,3,4,4,8,0
19,4,3,6,2,6,12,3,2,5,1,2,11
15,4,3,6,1,2,12,3,2,5,1,2,8
18,4,3,6,2,5,11,3,2,4,1,2,8
31,7,12,3,2,9,11,4,2,2,2,3,25
7,2,3,0,1,2,5,2,1,0,1,2,9
29,4,5,8,4,12,9,2,1,4,1,2,14
19,6,5,4,1,4,8,3,1,2,1,2,17
18,5,6,4,1,3,11,3,2,3,1,3,11
18,7,8,1,2,2,18,7,8,1,2,2,0
19,4,7,5,1,3,7,2,1,2,1,2,15
18,6,5,4,1,3,8,3,1,2,1,2,15
22,6,4,4,2,8,7,3,1,0,1,3,20
16,6,4,4,1,2,5,2,1,0,1,2,12
28,6,4,4,3,14,7,3,1,0,1,3,18
19,6,4,4,1,5,7,3,1,0,1,3,21
26,6,9,7,2,4,9,2,2,3,1,2,30
21,6,10,3,1,2,10,4,1,3,1,2,16
14,4,3,5,1,2,14,4,3,5,1,2,0
17,4,3,5,1,5,17,4,3,5,1,5,0
10,4,2,2,1,2,7,2,1,2,1,2,9
21,7,6,6,1,2,7,2,1,2,1,2,17
22,7,6,6,1,3,7,2,1,2,1,2,17
21,5,7,5,2,4,12,4,2,4,1,2,29
11,4,4,1,1,2,6,2,1,1,1,2,8
10,4,4,0,1,2,6,3,1,0,1,2,9
10,4,4,0,1,2,6,3,1,0,1,2,12
12,3,2,4,2,3,9,2,2,3,1,2,24
9,3,1,3,1,2,9,3,1,3,1,2,2
11,4,2,3,1,2,6,2,1,1,1,2,9
18,6,5,5,1,2,7,2,1,2,1,2,9
15,7,5,1,1,2,8,5,1,0,1,2,10
9,3,1,3,1,2,9,3,1,3,1,2,2
15,7,5,1,1,2,8,5,1,0,1,2,10
22,7,8,1,3,6,11,5,2,1,2,3,28
11,4,5,0,1,2,6,3,1,0,1,2,14
23,5,9,4,2,5,5,2,1,0,1,2,16
20,5,9,4,1,2,5,2,1,0,1,2,13
33,5,9,4,3,15,5,2,1,0,1,2,15
8,2,2,2,1,2,8,2,2,2,1,2,4
6,2,1,1,1,2,6,2,1,1,1,2,2
14,3,3,5,2,3,14,3,3,5,2,3,0
23,3,3,5,4,12,9,2,1,4,1,2,15
14,2,3,3,3,6,14,2,3,3,3,6,0
12,2,3,3,2,4,12,2,3,3,2,4,0
27,7,7,10,1,3,9,3,1,3,1,2,23
43,7,7,10,6,19,11,3,3,3,1,2,18
10,3,3,0,1,4,6,3,1,0,1,2,12
19,4,5,0,4,10,7,3,2,0,1,2,10
26,7,7,10,1,2,13,4,3,4,1,2,13
27,7,7,10,1,3,9,3,1,3,1,2,19
35,7,7,10,3,11,11,3,3,3,1,2,16
19,5,5,7,1,2,9,2,1,4,1,2,12
15,4,4,3,1,4,12,4,2,3,1,3,18
20,5,5,7,1,3,9,2,1,4,1,2,14
16,4,4,3,1,5,12,4,2,3,1,3,23
26,6,8,8,1,4,11,3,2,3,1,3,18
14,5,3,4,1,2,7,2,1,2,1,2,10
7,3,2,0,1,2,6,3,1,0,1,2,9
73,6,8,4,20,55,73,6,8,4,20,55,0
34,6,8,6,5,14,34,6,8,6,5,14,0
46,6,8,6,7,26,46,6,8,6,7,26,0
26,6,8,10,1,2,13,4,1,6,1,2,11
17,5,2,6,3,4,17,5,2,6,3,4,0
25,5,8,3,2,9,10,4,1,2,1,3,21
22,6,9,4,1,3,11,3,1,4,1,3,14
17,6,7,1,2,3,12,5,3,1,2,3,30
22,6,9,4,1,3,11,4,1,4,1,2,13
10,4,3,0,1,3,5,2,1,0,1,2,14
29,4,3,6,7,16,29,4,3,6,7,16,0
4,2,0,1,1,1,4,2,0,1,1,1,0
23,6,4,10,1,3,12,3,1,6,1,2,13
11,2,3,2,2,4,11,2,3,2,2,4,0
8,2,3,2,1,1,8,2,3,2,1,1,0
7,2,2,0,1,3,5,2,1,0,1,2,10
36,7,8,0,5,21,8,4,1,0,1,3,24
31,8,13,6,1,4,14,5,1,6,1,2,18
19,7,8,0,1,4,5,2,1,0,1,2,19
29,8,13,6,1,2,14,5,1,6,1,2,21
18,6,9,0,1,3,5,2,1,0,1,2,16
40,8,13,6,4,13,15,5,2,6,1,2,25
19,6,9,0,2,4,9,5,2,0,1,2,14
18,6,9,0,1,3,9,5,2,0,1,2,13
17,6,9,0,1,2,9,5,2,0,1,2,10
39,6,9,7,6,17,11,3,2,4,1,2,67
31,8,13,6,1,4,14,5,1,6,1,2,20
22,8,7,5,1,2,9,3,1,3,1,2,25
10,4,4,0,1,2,6,3,1,0,1,2,12
20,6,5,7,1,2,11,4,2,3,1,2,11
8,2,1,4,1,1,8,2,1,4,1,1,0
20,6,5,7,1,2,11,4,2,3,1,2,10
18,4,4,3,3,7,7,2,1,2,1,2,11
10,4,4,0,1,2,6,3,1,0,1,2,12
12,3,3,0,2,6,6,3,1,0,1,2,12
9,3,3,0,1,3,6,3,1,0,1,2,11
9,3,3,0,1,3,6,3,1,0,1,2,12
8,3,3,0,1,2,5,2,1,0,1,2,12
18,4,6,4,2,4,9,3,1,3,1,2,12
8,4,0,3,1,1,8,4,0,3,1,1,0
11,3,3,3,1,2,10,3,2,3,1,2,7
20,3,3,3,4,11,7,2,1,2,1,2,12
16,5,6,3,1,2,10,3,2,3,1,2,15
15,4,3,5,1,3,12,3,3,4,1,2,10
10,3,4,0,1,3,7,3,2,0,1,2,8
13,3,2,4,3,4,13,3,2,4,3,4,0
13,3,4,3,1,3,8,2,1,2,1,3,5
9,3,3,1,1,2,5,2,1,0,1,2,12
23,6,9,3,2,5,8,3,1,2,1,2,17
10,2,3,3,1,2,8,2,1,3,1,2,8
6,2,2,0,1,2,5,2,1,0,1,2,9
9,2,3,1,1,3,7,2,1,1,1,3,11
17,4,9,0,1,4,5,2,1,0,1,2,16
134,5,6,3,33,120,134,5,6,3,33,120,0
19,6,6,4,2,3,9,3,2,1,2,3,24
12,6,2,2,1,2,7,3,1,1,1,2,9
38,7,5,4,9,22,38,7,5,4,9,22,0
15,7,6,0,1,2,5,2,1,0,1,2,15
16,4,4,6,1,2,16,4,4,6,1,2,0
15,3,3,5,1,4,12,3,1,5,1,3,12
8,2,3,2,1,1,8,2,3,2,1,1,0
16,3,3,5,1,5,12,3,1,5,1,3,14
10,2,3,2,1,3,10,2,3,2,1,3,0
5,2,1,1,1,1,5,2,1,1,1,1,0
23,3,3,5,4,12,11,3,1,5,1,2,11
9,2,3,2,1,2,9,2,3,2,1,2,0
9,2,3,2,1,2,9,2,3,2,1,2,0
24,4,4,7,3,9,15,4,2,7,1,2,10
22,4,6,1,5,11,22,4,6,1,5,11,0
12,3,3,4,1,2,9,2,2,3,1,2,11
21,7,6,4,2,4,11,5,1,3,1,2,13
18,4,4,7,1,3,15,4,2,7,1,2,10
14,4,6,1,1,3,5,2,1,0,1,2,18
14,4,6,1,1,3,6,3,1,0,1,2,16
27,8,11,3,4,5,27,8,11,3,4,5,0
108,6,4,1,29,97,108,6,4,1,29,97,0
9,4,3,0,1,2,6,3,1,0,1,2,9
11,4,3,0,2,4,6,3,1,0,1,2,13
20,3,3,3,4,11,7,2,1,2,1,2,11
25,5,5,7,2,8,11,3,1,5,1,2,14
13,3,3,3,1,4,7,2,1,2,1,2,11
11,3,3,3,1,2,9,3,1,3,1,2,8
19,3,4,4,3,8,19,3,4,4,3,8,0
34,5,5,7,4,17,11,3,1,5,1,2,15
18,3,3,3,3,9,7,2,1,2,1,2,12
11,3,4,0,1,4,8,3,3,0,1,2,9
18,5,3,3,3,7,18,5,3,3,3,7,0
14,5,2,4,2,3,10,3,2,3,1,2,24
16,5,6,4,1,1,16,5,6,4,1,1,0
17,5,6,4,1,2,17,5,6,4,1,2,0
69,7,11,5,17,46,69,7,11,5,17,46,0
27,7,8,10,1,2,8,2,1,3,1,2,8
12,4,5,0,1,3,6,2,1,0,1,3,15
14,4,5,0,1,5,6,3,1,0,1,2,12
19,5,6,6,2,2,19,5,6,6,2,2,0
20,6,3,6,2,5,7,2,1,2,1,2,12
40,8,8,5,7,19,40,8,8,5,7,19,0
10,2,1,5,1,2,10,2,1,5,1,2,0
14,3,6,2,1,3,6,2,1,1,1,2,12
9,2,1,5,1,1,9,2,1,5,1,1,0
13,3,6,2,1,2,6,2,1,1,1,2,9
13,4,4,0,2,5,6,3,1,0,1,2,13
11,4,4,0,1,3,7,3,2,0,1,2,8
24,4,4,0,6,16,7,3,2,0,1,2,11
171,6,8,5,49,152,171,6,8,5,49,152,0
14,4,3,6,1,1,14,4,3,6,1,1,0
19,6,5,5,1,3,13,5,1,4,1,3,14
15,3,6,3,1,3,9,3,1,3,1,2,18
15,3,6,3,1,3,10,3,2,3,1,2,12
51,3,4,4,13,40,51,3,4,4,13,40,0
24,6,4,7,3,7,24,6,4,7,3,7,0
36,8,7,4,3,17,14,6,2,3,1,3,24
22,5,7,4,3,6,13,3,3,4,2,3,38
37,3,5,1,10,28,37,3,5,1,10,28,0
34,6,10,3,7,15,34,6,10,3,7,15,0
8,2,3,1,1,2,8,2,3,1,1,2,0
7,2,3,1,1,1,7,2,3,1,1,1,0
14,5,3,3,1,3,11,4,2,3,1,2,15
29,6,9,7,3,7,14,5,2,5,1,2,15
10,2,1,1,2,6,7,2,1,1,1,3,9
27,8,9,0,3,10,6,3,1,0,1,2,20
30,8,9,0,3,13,6,3,1,0,1,2,21
21,6,6,6,1,3,6,3,1,0,1,2,17
24,6,6,6,2,6,15,5,2,6,1,2,16
21,6,6,4,2,5,21,6,6,4,2,5,0
17,7,8,0,1,2,7,3,2,0,1,2,14
25,7,8,0,3,10,7,3,2,0,1,2,17
12,2,3,4,1,3,9,2,1,4,1,2,9
13,2,3,4,1,4,9,2,1,4,1,2,9
18,4,5,5,1,4,9,2,1,3,1,3,15
24,5,5,5,3,9,13,5,1,5,1,2,15
7,2,1,2,1,2,6,2,1,1,1,2,4
36,7,12,10,2,7,9,2,1,4,1,2,16
23,5,5,10,1,3,9,2,1,4,1,2,16
27,5,5,10,2,7,12,3,1,6,1,2,17
11,3,2,2,1,4,7,2,1,2,1,2,9
19,6,6,4,2,3,7,2,2,1,1,2,36
14,4,3,5,1,2,8,2,1,3,1,2,9
7,2,1,1,2,3,7,2,1,1,2,3,0
25,6,7,10,2,2,25,6,7,10,2,2,0
36,8,10,9,5,9,16,5,2,6,2,3,89
9,4,2,2,1,1,9,4,2,2,1,1,0
9,2,1,4,1,2,9,2,1,4,1,2,2
16,5,5,1,3,5,16,5,5,1,3,5,0
11,2,2,5,1,2,11,2,2,5,1,2,0
10,2,2,5,1,1,10,2,2,5,1,1,0
26,7,9,6,1,4,6,3,1,0,1,2,18
44,5,8,7,9,24,44,5,8,7,9,24,0
28,7,9,6,2,6,7,3,2,0,1,2,18
5,2,0,2,1,1,5,2,0,2,1,1,0
10,3,2,0,2,5,6,3,1,0,1,2,11
8,3,2,0,1,3,6,3,1,0,1,2,11
7,3,2,0,1,2,5,2,1,0,1,2,10
31,8,11,8,1,4,8,3,1,2,1,2,20
35,8,11,8,3,8,7,2,1,2,1,2,24
24,6,7,7,1,4,8,2,1,2,1,3,13
51,4,6,1,13,40,51,4,6,1,13,40,0
17,4,5,4,2,4,11,3,3,3,1,2,8
45,4,5,4,11,32,11,3,3,3,1,2,16
69,4,5,4,17,56,10,3,2,3,1,2,17
18,4,3,7,1,4,18,4,3,7,1,4,0
10,3,3,0,1,4,7,3,1,0,1,3,15
15,4,3,5,1,3,10,3,1,4,1,2,11
14,4,3,5,1,2,10,3,1,4,1,2,9
13,2,3,2,2,6,7,2,1,2,1,2,11
16,2,3,2,3,9,7,2,1,2,1,2,11
14,3,3,0,2,8,7,3,1,0,1,3,15
10,3,3,0,1,4,7,3,1,0,1,3,15
18,4,3,8,1,3,10,2,1,4,1,3,15
20,5,8,2,1,5,7,3,1,0,1,3,21
9,5,1,2,1,1,9,5,1,2,1,1,0
23,5,8,2,2,8,9,4,3,0,1,2,17
30,7,8,5,3,10,14,6,1,5,1,2,19
68,8,7,6,10,47,11,4,1,4,1,2,26
7,2,2,0,1,3,5,2,1,0,1,2,10
26,7,8,5,2,6,11,4,1,4,1,2,17
31,8,7,6,2,10,10,3,1,3,1,3,19
116,8,7,6,20,95,11,4,1,4,1,2,33
7,2,1,3,1,1,7,2,1,3,1,1,0
244,8,7,6,48,223,244,8,7,6,48,223,0
24,7,8,5,1,4,14,6,1,5,1,2,18
33,8,7,6,2,12,10,3,1,3,1,3,23
35,8,7,6,3,14,11,4,1,4,1,2,25
33,8,12,9,2,4,33,8,12,9,2,4,0
26,6,7,6,2,7,9,3,1,3,1,2,17
11,5,3,1,1,2,6,3,1,0,1,2,11
13,5,3,1,2,4,6,3,1,0,1,2,15
21,6,9,2,2,4,10,5,1,2,1,2,11
20,4,3,7,3,6,20,4,3,7,3,6,0
19,4,3,7,3,5,19,4,3,7,3,5,0
22,6,6,8,1,2,8,2,1,3,1,2,11
10,3,2,3,1,2,9,3,1,3,1,2,6
8,2,3,1,1,2,7,2,2,1,1,2,15
11,4,1,5,1,1,11,4,1,5,1,1,0
26,7,6,6,2,7,14,5,2,4,1,3,17
51,7,6,6,7,32,14,5,1,6,1,2,21
23,7,6,6,1,4,14,5,1,6,1,2,18
9,2,1,3,1,3,9,2,1,3,1,3,4
8,3,1,2,1,2,7,2,1,2,1,2,6
20,5,8,6,1,1,20,5,8,6,1,1,0
237,5,5,5,55,222,237,5,5,5,55,222,0
24,4,3,8,5,9,24,4,3,8,5,9,1
13,4,4,3,1,2,7,2,1,2,1,2,8
189,8,11,1,44,169,189,8,11,1,44,169,0
12,3,4,3,1,2,7,2,1,2,1,2,7
13,4,5,2,1,2,7,2,1,2,1,2,6
28,6,9,6,3,7,11,4,2,3,1,2,16
9,2,2,2,1,3,8,2,1,2,1,3,9
21,2,2,2,4,15,8,2,1,2,1,3,12
44,7,11,7,7,19,44,7,11,7,7,19,0
23,6,7,7,2,3,9,2,2,3,1,2,22
10,2,3,3,1,2,8,2,1,3,1,2,8
10,3,3,1,2,3,7,2,2,1,1,2,21
23,6,9,0,3,8,6,3,1,0,1,2,19
21,6,9,0,2,6,6,3,1,0,1,2,18
9,3,3,1,1,2,8,3,2,1,1,2,14
9,3,3,0,1,3,6,3,1,0,1,2,11
18,6,6,2,1,4,10,5,1,1,1,3,14
31,6,6,6,5,13,31,6,6,6,5,13,0
18,6,6,2,1,4,10,5,1,1,1,3,13
12,4,2,4,1,2,7,2,1,2,1,2,8
18,6,6,2,1,4,10,5,1,1,1,3,14
21,5,7,5,1,4,21,5,7,5,1,4,0
20,5,7,5,1,3,20,5,7,5,1,3,0
12,3,2,4,2,3,12,3,2,4,2,3,0
20,6,7,2,2,5,10,5,2,1,1,2,13
14,3,3,5,1,3,10,2,1,4,1,3,11
8,3,3,0,1,2,6,3,1,0,1,2,9
12,4,6,0,1,2,6,3,1,0,1,2,12
18,4,7,5,1,2,8,2,1,3,1,2,11
23,4,7,5,2,7,8,2,1,3,1,2,16
35,5,5,2,7,23,35,5,5,2,7,23,0
19,6,7,4,1,2,6,3,1,0,1,2,12
19,5,7,1,3,6,19,5,7,1,3,6,0
9,3,4,0,1,2,6,3,1,0,1,2,11
18,4,4,0,4,10,5,2,1,0,1,2,15
15,4,3,6,1,2,15,4,3,6,1,2,0
20,5,7,1,2,7,20,5,7,1,2,7,0
15,4,3,6,1,2,15,4,3,6,1,2,0
36,8,13,10,2,5,36,8,13,10,2,5,0
7,2,2,0,1,3,5,2,1,0,1,2,10
20,6,4,8,1,2,11,4,1,4,1,2,11
22,3,3,1,7,15,22,3,3,1,7,15,0
27,4,4,6,4,13,7,2,1,2,1,2,15
9,2,1,4,1,2,9,2,1,4,1,2,2
16,5,6,0,2,5,5,2,1,0,1,2,16
15,5,6,0,2,4,5,2,1,0,1,2,15
21,4,7,5,2,5,10,3,1,4,1,2,14
15,6,4,3,1,2,7,3,1,1,1,2,11
15,6,4,3,1,2,7,3,1,1,1,2,11
19,5,8,4,1,2,14,5,3,4,1,2,10
19,5,8,4,1,2,12,5,1,4,1,2,13
20,8,10,0,1,2,10,5,3,0,1,2,12
23,8,10,0,1,5,10,5,3,0,1,2,13
28,6,10,3,3,9,9,4,3,0,1,2,13
11,4,2,2,1,3,7,2,1,2,1,2,11
19,5,5,7,1,2,11,3,1,5,1,2,9
14,3,4,5,1,2,8,2,1,3,1,2,8
6,2,1,1,1,2,6,2,1,1,1,2,0
8,2,2,2,1,2,8,2,2,2,1,2,0
37,5,8,7,6,17,9,2,1,4,1,2,15
7,2,2,2,1,1,7,2,2,2,1,1,0
21,7,8,4,1,2,15,6,3,4,1,2,10
13,3,2,2,2,6,7,2,1,1,1,3,12
24,7,8,4,1,5,15,6,3,4,1,2,12
30,7,9,10,2,4,30,7,9,10,2,4,0
21,5,7,6,1,3,8,2,1,3,1,2,14
13,4,3,4,1,2,9,3,1,3,1,2,9
11,3,3,2,1,3,6,2,1,1,1,2,11
22,7,7,6,1,2,13,5,1,5,1,2,17
32,7,10,10,2,5,7,2,1,2,1,2,16
30,7,10,10,1,3,7,2,1,2,1,2,11
15,4,4,4,1,3,15,4,4,4,1,3,0
14,4,4,4,1,2,14,4,4,4,1,2,0
14,4,4,4,1,2,14,4,4,4,1,2,0
18,4,4,4,2,6,18,4,4,4,2,6,0
16,4,2,7,2,3,16,4,2,7,2,3,0
15,4,7,0,1,4,8,3,3,0,1,2,11
15,4,7,0,1,4,9,4,3,0,1,2,13
13,3,6,0,1,4,6,3,1,0,1,2,15
18,6,6,3,1,3,5,2,1,0,1,2,14
28,4,6,6,7,12,9,2,2,3,1,2,21
9,2,2,3,1,2,9,2,2,3,1,2,0
8,2,2,3,1,1,8,2,2,3,1,1,0
16,5,5,4,1,2,10,4,1,3,1,2,8
16,5,5,4,1,2,10,4,1,3,1,2,11
24,5,5,4,4,10,10,4,1,3,1,2,13
20,5,5,4,2,6,11,4,2,3,1,2,10
23,2,3,5,3,13,23,2,3,5,3,13,0
10,3,2,4,1,1,10,3,2,4,1,1,0
13,3,3,4,1,3,10,3,1,4,1,2,9
35,7,13,4,3,11,12,5,2,2,2,3,53
46,7,13,4,5,22,13,5,2,2,2,4,42
23,8,8,5,1,2,9,3,1,3,1,2,17
23,8,8,5,1,2,9,3,1,3,1,2,18
11,3,3,3,1,2,7,2,1,2,1,2,7
18,4,3,0,4,11,5,2,1,0,1,2,16
12,3,4,1,1,4,6,3,1,0,1,2,14
15,6,3,3,1,3,15,6,3,3,1,3,0
27,3,4,1,5,19,6,3,1,0,1,2,14
17,6,3,3,2,5,17,6,3,3,2,5,0
14,6,3,3,1,2,6,3,1,0,1,2,12
13,5,4,2,1,2,7,3,1,1,1,2,9
21,6,5,9,1,1,21,6,5,9,1,1,0
13,3,2,6,1,2,12,3,1,6,1,2,7
17,3,2,6,2,6,12,3,1,6,1,2,10
10,4,4,0,1,2,6,3,1,0,1,2,11
13,3,2,6,1,2,13,3,2,6,1,2,2
49,6,8,8,12,27,49,6,8,8,12,27,0
10,4,4,0,1,2,6,3,1,0,1,2,12
16,7,2,3,1,4,11,5,1,2,1,3,16
16,7,2,3,1,4,11,5,1,2,1,3,14
22,7,2,3,3,10,11,5,1,2,1,3,14
15,7,2,3,1,3,11,5,1,2,1,3,8
137,5,5,7,34,120,137,5,5,7,34,120,0
21,6,8,3,2,4,6,3,1,0,1,2,15
21,3,2,6,3,10,10,2,1,4,1,3,12
13,3,2,6,1,2,12,3,1,6,1,2,7
15,3,2,6,1,4,10,2,1,4,1,3,12
25,6,7,10,1,2,25,6,7,10,1,2,0
25,6,7,10,1,2,25,6,7,10,1,2,0
116,3,3,1,23,109,116,3,3,1,23,109,0
7,3,2,0,1,2,5,2,1,0,1,2,10
24,7,9,2,4,6,24,7,9,2,4,6,0
35,4,7,0,8,24,7,3,2,0,1,2,14
14,3,3,4,1,4,8,2,1,2,1,3,15
11,5,3,1,1,2,7,3,1,1,1,2,9
12,3,3,4,1,2,8,2,1,3,1,2,9
27,6,4,12,2,5,18,5,1,10,1,2,11
70,7,11,9,16,43,70,7,11,9,16,43,0
64,7,11,9,13,37,64,7,11,9,13,37,0
21,4,6,8,1,3,9,2,1,4,1,2,12
23,4,6,8,1,5,9,2,1,4,1,2,12
20,4,6,8,1,2,9,2,1,4,1,2,8
116,4,6,1,26,105,116,4,6,1,26,105,0
159,3,5,1,33,150,159,3,5,1,33,150,0
21,4,6,1,3,10,6,3,1,0,1,2,21
23,4,6,1,3,12,8,3,2,0,1,3,16
22,4,6,1,3,11,6,3,1,0,1,2,18
34,6,7,9,4,12,9,2,1,4,1,2,16
15,4,6,1,1,4,6,3,1,0,1,2,14
27,7,12,3,2,5,6,3,1,0,1,2,21
19,5,3,9,1,2,12,3,1,6,1,2,10
25,5,3,9,3,8,12,3,1,6,1,2,15
24,5,3,9,3,7,9,2,1,4,1,2,11
23,6,8,7,1,2,14,5,1,6,1,2,13
17,4,3,6,1,4,9,2,1,4,1,2,14
16,7,5,0,2,4,8,5,1,0,1,2,17
26,8,9,8,1,1,26,8,9,8,1,1,0
12,4,3,1,2,4,6,3,1,0,1,2,15
10,4,3,1,1,2,6,3,1,0,1,2,8
7,3,1,1,2,2,7,3,1,1,2,2,0
14,5,4,2,1,3,7,2,1,2,1,2,14
14,5,4,2,1,3,7,2,1,2,1,2,14
16,4,4,3,3,5,16,4,4,3,3,5,0
19,5,4,8,1,2,12,3,1,6,1,2,8
10,3,3,2,1,2,7,2,1,2,1,2,9
11,2,2,4,1,3,9,2,1,4,1,2,8
20,6,8,4,1,2,5,2,1,0,1,2,15
10,2,2,4,1,2,9,2,1,4,1,2,6
17,3,4,5,3,5,17,3,4,5,3,5,0
20,5,5,8,1,2,8,2,1,3,1,2,7
23,5,8,6,1,4,11,3,1,4,1,3,15
23,5,8,6,1,4,10,3,1,4,1,2,12
40,8,12,10,4,10,7,2,1,2,1,2,23
28,6,5,8,3,9,7,2,1,2,1,2,17
11,3,2,3,1,3,10,3,2,3,1,2,7
21,6,5,8,1,2,7,2,1,2,1,2,12
26,6,5,8,2,7,7,2,1,2,1,2,17
14,2,3,2,2,7,8,2,1,2,1,3,12
10,2,3,2,1,3,8,2,1,2,1,3,9
11,3,2,4,1,2,8,2,1,3,1,2,6
22,6,9,4,1,3,8,3,1,2,1,2,14
26,4,4,8,4,10,13,3,2,6,1,2,15
20,4,7,4,1,5,8,2,1,2,1,3,15
20,4,7,4,1,5,10,3,2,3,1,2,16
30,4,7,4,4,15,10,3,2,3,1,2,16
19,4,7,4,2,4,10,3,2,3,1,2,13
20,6,8,1,2,5,20,6,8,1,2,5,0
27,4,5,1,3,17,7,3,1,0,1,3,19
64,4,5,1,12,54,8,4,1,0,1,3,23
41,7,6,8,8,20,41,7,6,8,8,20,0
105,4,5,1,21,95,7,3,2,0,1,2,21
32,4,6,2,7,20,32,4,6,2,7,20,0
17,6,6,3,1,2,10,4,1,3,1,2,19
10,3,2,3,1,2,8,2,1,3,1,2,6
8,2,3,0,1,3,5,2,1,0,1,2,12
30,8,13,7,1,2,14,4,1,7,1,2,22
6,2,2,1,1,1,6,2,2,1,1,1,0
16,5,3,3,4,5,16,5,3,3,4,5,0
11,3,3,3,1,2,7,2,1,2,1,2,8
12,3,3,3,1,3,7,2,1,2,1,2,10
7,2,2,1,1,2,7,2,2,1,1,2,0
23,5,8,8,1,2,12,3,1,6,1,2,14
23,5,8,8,1,2,12,3,1,6,1,2,14
16,5,5,3,1,3,9,4,1,2,1,2,11
23,7,10,4,1,2,8,4,1,1,1,2,11
15,5,5,3,1,2,9,4,1,2,1,2,10
18,4,6,1,3,7,8,2,2,1,1,3,45
28,7,10,4,3,7,28,7,10,4,3,7,0
12,5,2,0,2,5,8,5,1,0,1,2,12
13,4,1,0,2,8,7,3,1,0,1,3,15
12,5,2,0,2,5,8,5,1,0,1,2,12
9,4,1,0,1,4,7,3,1,0,1,3,14
13,4,1,0,2,8,7,3,1,0,1,3,15
22,7,9,4,1,2,9,4,1,2,1,2,17
9,3,4,0,1,2,5,2,1,0,1,2,10
10,3,4,0,1,3,5,2,1,0,1,2,12
9,3,4,0,1,2,5,2,1,0,1,2,10
9,2,3,2,1,2,7,2,1,2,1,2,8
11,2,3,2,1,4,7,2,1,2,1,2,9
12,4,6,0,1,2,8,4,2,0,1,2,8
12,2,2,1,2,7,12,2,2,1,2,7,0
21,5,5,8,1,3,8,2,1,3,1,2,14
36,3,6,1,9,26,36,3,6,1,9,26,0
17,6,4,4,1,3,10,4,1,3,1,2,12
27,6,10,9,1,2,7,2,1,2,1,2,9
17,6,4,4,1,3,10,4,1,3,1,2,12
10,3,3,2,1,2,7,2,1,2,1,2,9
10,3,3,2,1,2,7,2,1,2,1,2,9
15,3,3,6,2,3,15,3,3,6,2,3,0
10,2,3,2,1,3,7,2,1,2,1,2,9
9,2,3,2,1,2,7,2,1,2,1,2,8
24,7,6,7,1,4,13,5,1,5,1,2,18
25,7,9,7,1,2,7,2,1,2,1,2,11
18,6,6,3,1,3,11,5,1,2,1,3,14
18,6,6,3,1,3,11,5,1,2,1,3,14
12,3,3,0,2,6,6,3,1,0,1,2,12
23,3,3,0,5,17,7,3,2,0,1,2,11
12,3,3,0,2,6,6,3,1,0,1,2,14
25,6,5,4,6,10,25,6,5,4,6,10,0
21,8,6,5,1,2,11,5,1,3,1,2,13
13,3,3,4,1,3,9,2,1,4,1,2,9
24,4,5,3,6,12,24,4,5,3,6,12,0
14,3,4,5,1,2,8,2,1,3,1,2,10
24,5,9,2,3,8,8,4,2,0,1,2,13
7,2,1,2,1,2,7,2,1,2,1,2,2
25,7,4,6,3,8,25,7,4,6,3,8,0
21,7,4,6,2,4,8,4,2,0,1,2,15
22,6,6,7,1,3,8,2,1,3,1,2,17
12,4,4,0,2,4,6,3,1,0,1,2,11
10,4,4,0,1,2,6,3,1,0,1,2,12
11,6,3,0,1,2,7,3,2,0,1,2,10
19,6,6,4,1,3,12,4,2,4,1,2,22
12,6,3,0,1,3,8,4,2,0,1,2,10
11,6,3,0,1,2,7,3,2,0,1,2,9
14,3,3,4,1,4,9,2,1,3,1,3,15
15,3,4,4,1,4,8,2,1,3,1,2,12
21,3,4,4,4,10,8,2,1,3,1,2,15
13,3,2,6,1,2,13,3,2,6,1,2,2
13,3,2,6,1,2,13,3,2,6,1,2,3
5,2,1,1,1,1,5,2,1,1,1,1,0
21,5,6,6,1,4,7,2,1,2,1,2,15
16,3,3,5,1,5,11,3,1,5,1,2,10
9,4,3,0,1,2,5,2,1,0,1,2,13
24,3,3,5,5,13,12,3,1,5,1,3,14
28,3,3,5,4,17,12,3,1,5,1,3,17
19,3,3,5,2,8,12,3,1,5,1,3,14
19,5,6,6,1,2,13,4,1,6,1,2,14
18,4,5,4,2,5,10,3,1,4,1,2,14
10,2,3,1,1,4,7,2,1,1,1,3,12
18,4,5,7,1,2,11,3,1,5,1,2,9
22,4,5,7,2,6,11,3,1,5,1,2,12
20,4,5,7,1,4,11,3,1,5,1,2,11
52,6,9,1,10,36,14,6,2,1,3,5,84
14,5,5,1,1,3,8,4,2,0,1,2,11
25,7,5,11,1,2,14,4,1,7,1,2,16
13,5,5,1,1,2,7,3,2,0,1,2,11
13,4,4,1,2,4,6,3,1,0,1,2,15
12,4,4,1,1,3,5,2,1,0,1,2,14
17,5,4,6,1,2,10,3,2,3,1,2,8
17,5,4,6,1,2,10,3,2,3,1,2,11
23,5,6,11,1,1,23,5,6,11,1,1,0
18,5,3,8,2,2,18,5,3,8,2,2,0
10,3,3,1,2,3,10,3,3,1,2,3,0
6,2,0,3,1,1,6,2,0,3,1,1,0
11,4,4,1,1,2,9,4,2,1,1,2,17
18,5,8,3,1,2,7,2,1,2,1,2,11
21,5,8,3,1,5,7,2,1,2,1,2,12
7,4,1,0,1,2,6,3,1,0,1,2,9
22,7,5,6,3,4,22,7,5,6,3,4,0
11,2,3,3,1,3,8,2,1,3,1,2,9
6,2,1,1,1,2,6,2,1,1,1,2,0
17,4,4,7,1,2,8,2,1,3,1,2,9
26,5,7,8,2,6,13,4,1,6,1,2,18
19,3,3,3,2,10,8,2,1,2,1,3,15
5,2,1,1,1,1,5,2,1,1,1,1,0
10,2,3,2,2,3,10,2,3,2,2,3,0
10,3,3,2,1,2,10,3,3,2,1,2,0
12,2,3,2,2,5,12,2,3,2,2,5,0
22,6,11,0,2,5,10,5,3,0,1,2,14
14,6,3,3,1,2,7,3,2,0,1,2,10
14,3,3,2,3,6,14,3,3,2,3,6,0
31,8,8,10,1,5,15,5,1,7,1,2,16
10,4,3,0,1,3,5,2,1,0,1,2,13
10,3,2,4,1,1,10,3,2,4,1,1,0
41,4,9,2,8,26,8,2,2,2,1,2,65
27,6,5,4,6,12,27,6,5,4,6,12,0
31,8,6,0,6,17,9,5,2,0,1,2,16
19,8,6,0,2,5,8,5,1,0,1,2,17
12,4,4,0,2,4,6,3,1,0,1,2,14
15,7,5,1,1,2,10,6,1,1,1,2,10
15,7,5,1,1,2,10,6,1,1,1,2,10
14,3,4,3,2,4,14,3,4,3,2,4,0
27,6,6,3,5,12,13,5,2,3,2,3,75
23,5,5,6,2,7,5,2,1,0,1,2,19
14,2,2,5,2,5,14,2,2,5,2,5,0
22,5,5,6,2,6,16,5,3,6,1,2,10
20,4,7,6,1,3,9,2,1,3,1,3,11
10,2,2,5,1,1,10,2,2,5,1,1,0
11,2,2,5,1,2,11,2,2,5,1,2,0
16,5,6,3,1,2,12,5,2,3,1,2,10
16,5,6,3,1,2,12,5,2,3,1,2,10
6,2,2,1,1,1,6,2,2,1,1,1,0
7,2,2,1,1,2,7,2,2,1,1,2,0
34,6,5,11,5,12,34,6,5,11,5,12,0
16,4,6,3,1,3,16,4,6,3,1,3,0
22,5,4,5,4,8,22,5,4,5,4,8,0
18,4,6,3,2,5,18,4,6,3,2,5,0
71,3,4,1,22,63,71,3,4,1,22,63,0
15,4,6,3,1,2,15,4,6,3,1,2,0
18,4,4,8,1,2,12,3,1,6,1,2,11
13,4,2,5,1,2,7,2,2,1,1,2,12
22,6,10,4,1,2,12,5,1,4,1,2,16
13,3,2,3,1,5,8,2,1,2,1,3,12
38,7,11,7,6,13,38,7,11,7,6,13,1
12,3,1,6,1,2,12,3,1,6,1,2,2
33,8,10,13,1,2,33,8,10,13,1,2,0
17,4,5,5,1,3,9,2,1,3,1,3,14
13,3,3,0,1,7,8,3,2,0,1,3,12
21,3,3,0,3,15,8,3,2,0,1,3,14
28,3,3,0,4,22,8,3,2,0,1,3,14
16,4,5,5,1,2,8,2,1,3,1,2,11
21,5,6,6,2,4,21,5,6,6,2,4,0
11,2,2,5,1,2,11,2,2,5,1,2,0
10,2,2,5,1,1,10,2,2,5,1,1,0
11,4,5,0,1,2,6,3,1,0,1,2,12
12,4,5,0,1,3,5,2,1,0,1,2,13
21,4,5,0,5,12,6,3,1,0,1,2,15
8,2,2,2,1,2,7,2,1,2,1,2,6
18,5,4,5,1,4,11,3,1,4,1,3,14
24,8,9,5,1,2,24,8,9,5,1,2,0
17,4,5,4,3,4,17,4,5,4,3,4,0
23,6,8,5,1,4,13,5,2,4,1,2,14
34,6,8,5,5,15,34,6,8,5,5,15,0
32,6,8,5,5,13,12,5,1,4,1,2,20
22,6,8,5,1,3,12,5,1,4,1,2,16
38,3,5,1,11,29,38,3,5,1,11,29,0
14,5,6,1,1,2,8,4,2,0,1,2,10
12,3,4,3,1,2,9,3,1,3,1,2,10
19,5,6,1,3,7,8,4,2,0,1,2,11
19,6,5,6,1,2,11,3,1,5,1,2,13
21,7,11,0,1,3,9,5,2,0,1,2,13
11,3,3,1,1,4,5,2,1,0,1,2,12
17,3,3,1,4,10,5,2,1,0,1,2,13
20,7,11,0,1,2,9,5,2,0,1,2,15
8,2,1,3,1,2,8,2,1,3,1,2,2
21,6,8,3,2,4,21,6,8,3,2,4,0
20,6,8,3,1,3,20,6,8,3,1,3,0
16,6,4,4,1,2,8,2,1,3,1,2,12
45,7,9,1,12,28,45,7,9,1,12,28,0
48,8,14,14,4,12,11,3,1,5,1,2,34
19,4,7,3,2,5,10,2,2,3,1,3,30
7,2,3,0,1,2,5,2,1,0,1,2,10
10,2,3,3,1,2,8,2,1,3,1,2,8
17,4,5,6,1,2,8,2,1,3,1,2,12
35,7,7,12,2,9,9,2,1,4,1,2,17
26,8,11,5,1,2,11,5,1,3,1,2,20
27,8,11,5,1,3,8,2,1,3,1,2,17
17,4,6,1,4,6,17,4,6,1,4,6,0
17,4,4,6,2,3,12,3,2,4,2,3,14
42,7,9,13,4,13,9,2,1,4,1,2,21
34,7,9,13,2,5,12,3,1,6,1,2,17
31,7,9,13,1,2,12,3,1,6,1,2,16
33,6,10,3,6,14,33,6,10,3,6,14,0
10,4,4,0,1,2,6,3,1,0,1,2,11
10,4,4,0,1,2,6,3,1,0,1,2,11
10,4,4,0,1,2,6,3,1,0,1,2,12
19,6,6,3,2,4,7,2,1,2,1,2,15
15,3,4,5,1,3,9,2,1,4,1,2,9
13,4,6,0,1,3,7,3,2,0,1,2,9
14,4,6,0,2,4,8,4,2,0,1,2,10
16,4,7,0,2,5,7,3,2,0,1,2,13
23,7,5,6,1,5,8,2,1,2,1,3,20
22,7,5,6,1,4,10,3,2,3,1,2,11
21,7,5,6,1,3,10,3,2,3,1,2,17
22,7,5,6,1,4,8,2,1,2,1,3,18
7,3,2,0,1,2,6,3,1,0,1,2,9
20,5,4,9,1,2,13,3,2,6,1,2,8
19,3,5,3,3,8,11,3,3,3,1,2,11
10,2,3,0,1,5,5,2,1,0,1,2,12
22,8,9,1,2,4,9,5,2,0,1,2,14
20,6,7,0,3,7,6,3,1,0,1,2,18
13,5,5,0,1,3,6,3,1,0,1,2,15
17,5,5,5,1,2,10,3,2,3,1,2,12
19,4,6,7,1,2,12,3,1,6,1,2,11
15,6,7,0,1,2,7,3,2,0,1,2,10
24,8,10,2,1,4,5,2,1,0,1,2,18
16,5,6,1,2,4,6,3,1,0,1,2,16
24,8,10,2,1,4,6,3,1,0,1,2,20
23,8,10,2,1,3,6,3,1,0,1,2,19
16,5,4,5,1,2,11,4,2,3,1,2,11
17,5,4,5,1,3,11,4,2,3,1,2,13
30,6,8,6,4,10,30,6,8,6,4,10,0
25,4,7,6,3,8,13,4,1,6,1,2,16
20,4,7,6,1,3,15,4,3,6,1,2,13
15,6,2,5,1,2,13,5,1,5,1,2,8
20,4,7,6,1,3,15,4,3,6,1,2,13
11,5,4,0,1,2,5,2,1,0,1,2,13
14,3,4,1,3,6,8,2,2,1,1,3,34
15,4,4,3,1,4,9,3,1,2,1,3,12
10,3,2,3,1,2,10,3,2,3,1,2,0
9,3,2,3,1,1,9,3,2,3,1,1,0
22,4,5,6,4,7,22,4,5,6,4,7,0
29,8,8,10,1,3,14,5,1,6,1,2,21
30,8,8,10,2,4,14,5,1,6,1,2,19
17,3,3,3,2,8,9,3,1,3,1,2,11
12,4,6,0,1,2,7,3,2,0,1,2,8
32,4,6,7,6,15,32,4,6,7,6,15,0
13,4,6,1,1,2,6,2,1,1,1,2,9
20,4,6,7,1,3,14,4,2,6,1,2,15
67,6,11,10,15,40,67,6,11,10,15,40,0
18,3,5,5,2,5,8,2,1,3,1,2,16
18,6,8,2,1,2,9,4,2,1,1,2,18
14,4,6,0,1,4,7,3,2,0,1,2,12
22,5,5,9,2,3,22,5,5,9,2,3,0
40,4,6,0,9,30,8,4,2,0,1,2,15
10,4,2,2,1,2,6,3,1,0,1,2,12
26,7,12,5,1,2,8,2,1,3,1,2,15
32,8,11,11,1,2,17,5,1,9,1,2,16
14,2,3,4,2,5,14,2,3,4,2,5,0
12,2,3,4,1,3,12,2,3,4,1,3,0
16,2,3,4,2,7,16,2,3,4,2,7,0
24,6,9,6,1,3,13,5,1,5,1,2,17
10,2,3,4,1,1,10,2,3,4,1,1,0
13,3,5,3,1,2,10,3,2,3,1,2,8
17,3,1,4,4,9,17,3,1,4,4,9,0
13,2,3,4,2,4,13,2,3,4,2,4,0
12,4,5,1,1,2,5,2,1,0,1,2,12
12,4,3,3,1,2,9,3,1,3,1,2,10
21,7,8,4,1,2,5,2,1,0,1,2,18
10,3,3,2,1,2,5,2,1,0,1,2,13
109,4,8,2,33,95,109,4,8,2,33,95,0
29,3,5,0,5,21,7,3,1,0,1,3,20
13,3,5,0,1,5,6,2,1,0,1,3,16
18,3,4,6,2,5,12,3,1,6,1,2,13
21,3,5,0,4,13,6,3,1,0,1,2,20
19,6,7,1,1,5,11,5,2,1,1,3,16
28,6,7,1,3,14,9,5,1,1,1,2,13
26,6,7,1,3,12,11,5,2,1,1,3,17
18,6,7,1,1,4,11,5,2,1,1,3,13
10,3,3,2,1,2,6,2,1,1,1,2,7
20,5,8,5,1,2,14,5,2,5,1,2,11
14,4,4,1,2,5,6,3,1,0,1,2,16
19,6,6,2,1,5,12,5,3,2,1,2,11
19,6,6,2,1,5,13,6,3,2,1,2,12
61,6,6,2,9,47,12,5,3,2,1,2,17
9,2,1,5,1,1,9,2,1,5,1,1,0
10,2,1,5,1,2,10,2,1,5,1,2,0
29,6,6,2,3,15,13,6,3,2,1,2,13
18,5,3,7,1,3,7,2,1,1,1,3,10
14,2,3,2,2,7,7,2,1,2,1,2,9
16,3,3,5,1,5,9,2,1,3,1,3,14
16,3,3,5,1,5,9,2,1,3,1,3,14
17,3,3,5,1,6,9,2,1,3,1,3,14
15,4,4,4,1,3,7,2,1,2,1,2,11
14,4,4,4,1,2,9,3,1,3,1,2,11
17,4,4,4,2,5,9,3,1,3,1,2,11
9,2,1,3,1,3,9,2,1,3,1,3,4
17,5,4,3,2,5,14,5,2,3,2,4,37
44,6,9,6,6,23,44,6,9,6,6,23,0
15,5,6,3,1,1,15,5,6,3,1,1,0
7,2,2,1,1,2,7,2,2,1,1,2,0
6,2,2,1,1,1,6,2,2,1,1,1,0
16,4,2,7,1,3,10,2,1,4,1,3,11
51,6,9,4,12,32,51,6,9,4,12,32,0
11,3,3,3,1,2,10,3,2,3,1,2,7
18,3,6,6,1,3,12,3,1,6,1,2,16
18,3,6,6,1,3,12,3,1,6,1,2,14
9,2,2,2,1,3,7,2,1,2,1,2,8
10,4,3,1,1,2,9,4,3,0,1,2,7
10,4,3,1,1,2,9,4,3,0,1,2,7
24,6,8,7,3,3,24,6,8,7,3,3,0
29,8,8,11,1,2,11,3,1,5,1,2,11
11,3,2,3,1,3,10,3,2,3,1,2,7
28,6,7,3,3,12,7,3,1,0,1,3,23
11,3,2,3,1,3,7,2,1,2,1,2,9
30,7,8,5,5,10,30,7,8,5,5,10,0
15,3,5,2,2,5,7,2,1,2,1,2,9
44,5,6,6,11,27,44,5,6,6,11,27,0
36,6,9,5,4,16,14,5,3,4,1,2,16
22,6,9,5,1,2,7,2,1,2,1,2,14
12,4,3,2,1,3,7,2,1,2,1,2,12
17,3,3,6,2,5,13,3,2,6,1,2,9
18,4,8,4,1,2,11,4,1,4,1,2,15
19,4,8,4,1,3,11,4,1,4,1,2,14
22,4,3,2,3,13,9,3,1,2,1,3,15
15,4,3,2,1,6,7,2,1,2,1,2,11
13,4,3,2,1,4,7,2,1,2,1,2,11
16,5,6,4,1,1,16,5,6,4,1,1,0
69,6,9,8,13,46,69,6,9,8,13,46,0
18,6,3,7,1,2,18,6,3,7,1,2,0
17,6,3,7,1,1,17,6,3,7,1,1,0
125,4,5,3,37,113,125,4,5,3,37,113,0
11,4,1,5,1,1,11,4,1,5,1,1,0
10,2,3,3,1,2,8,2,1,3,1,2,8
15,4,5,4,1,2,9,3,1,3,1,2,8
10,2,3,3,1,2,8,2,1,3,1,2,8
18,4,5,4,2,5,9,3,1,3,1,2,14
14,4,3,5,1,2,10,3,1,4,1,2,9
17,5,4,5,1,3,14,5,2,5,1,2,10
17,4,5,4,1,4,9,3,1,3,1,2,10
17,5,4,5,1,3,12,4,2,4,1,2,12
21,3,3,5,4,10,9,2,1,4,1,2,14
19,4,3,5,2,7,10,3,1,4,1,2,14
21,7,7,5,1,2,12,5,1,4,1,2,13
24,5,3,10,2,6,13,3,2,6,1,2,15
21,7,7,5,1,2,12,5,1,4,1,2,8
4,2,0,1,1,1,4,2,0,1,1,1,0
13,3,4,1,1,5,13,3,4,1,1,5,0
11,3,4,1,1,3,11,3,4,1,1,3,0
7,2,3,0,1,2,5,2,1,0,1,2,10
8,2,3,0,1,3,5,2,1,0,1,2,12
12,5,4,1,1,2,6,3,1,0,1,2,11
10,3,4,0,1,3,7,3,2,0,1,2,8
25,6,8,6,2,5,25,6,8,6,2,5,0
36,6,8,6,6,16,36,6,8,6,6,16,0
27,6,8,6,3,7,27,6,8,6,3,7,0
28,7,5,11,2,5,10,3,2,3,1,2,17
24,6,8,6,1,4,24,6,8,6,1,4,0
9,2,2,3,1,2,9,2,2,3,1,2,5
8,2,0,5,1,1,8,2,0,5,1,1,0
13,3,3,4,1,3,8,2,1,3,1,2,11
47,6,5,3,12,33,47,6,5,3,12,33,0
13,3,3,4,1,3,8,2,1,3,1,2,11
19,4,6,7,1,2,12,3,1,6,1,2,11
19,4,6,7,1,2,14,3,3,6,1,2,13
16,2,3,4,2,7,10,2,1,4,1,3,12
19,6,4,8,1,1,19,6,4,8,1,1,0
7,2,0,4,1,1,7,2,0,4,1,1,0
28,7,10,7,1,4,13,5,1,5,1,2,19
38,7,10,7,4,14,10,3,1,3,1,3,18
59,5,6,4,15,44,59,5,6,4,15,44,0
17,4,7,3,1,3,8,3,1,2,1,2,11
21,4,7,3,3,7,11,4,2,3,1,2,13
46,4,7,8,6,27,10,2,1,4,1,3,17
11,4,4,1,1,2,6,3,1,0,1,2,9
37,4,7,8,4,18,10,2,1,4,1,3,18
22,3,6,6,2,7,13,3,2,6,1,2,15
21,6,5,8,1,2,7,2,1,2,1,2,9
27,5,5,7,4,10,15,5,1,7,1,2,14
7,2,1,2,1,2,7,2,1,2,1,2,2
31,5,9,1,5,16,6,3,1,0,1,2,19
18,5,9,1,1,3,9,4,3,0,1,2,13
22,7,4,9,2,2,22,7,4,9,2,2,0
27,5,8,4,3,10,7,2,1,2,1,2,20
22,3,3,1,5,15,7,3,2,0,1,2,11
10,3,3,1,1,3,5,2,1,0,1,2,14
13,3,3,1,2,6,5,2,1,0,1,2,16
13,3,3,1,2,6,8,3,3,0,1,2,10
19,4,6,5,2,4,10,3,1,4,1,2,11
23,5,8,4,2,6,9,3,1,3,1,2,22
20,5,8,4,1,3,7,2,1,2,1,2,17
14,4,5,3,1,2,9,3,2,2,1,2,9
16,3,5,6,1,2,9,2,1,4,1,2,8
17,3,5,6,1,3,9,2,1,4,1,2,9
10,2,1,5,1,2,10,2,1,5,1,2,0
35,7,11,14,1,3,9,2,1,4,1,2,18
9,2,3,0,1,4,6,2,1,0,1,3,13
37,7,11,14,2,5,18,5,1,10,1,2,22
45,7,11,14,4,13,18,5,1,10,1,2,19
25,4,4,4,4,13,7,2,1,2,1,2,15
35,7,11,14,1,3,9,2,1,4,1,2,18
34,7,11,14,1,2,18,5,1,10,1,2,17
23,5,4,11,2,3,23,5,4,11,2,3,0
12,3,4,3,1,2,8,2,1,3,1,2,8
11,2,2,4,1,3,11,2,2,4,1,3,0
12,2,2,4,1,4,12,2,2,4,1,4,0
15,2,2,4,2,7,15,2,2,4,2,7,0
13,2,2,4,2,5,13,2,2,4,2,5,0
17,4,3,7,1,3,15,4,1,7,1,3,11
19,5,6,5,1,3,10,2,2,3,1,3,18
15,3,6,4,1,2,9,2,2,3,1,2,12
14,4,1,8,1,1,14,4,1,8,1,1,0
10,3,4,0,1,3,7,3,2,0,1,2,10
12,3,4,0,2,5,7,3,2,0,1,2,9
21,4,6,8,1,3,9,2,1,4,1,2,11
36,4,6,8,6,18,9,2,1,4,1,2,14
22,4,6,8,1,4,9,2,1,4,1,2,12
11,3,2,4,2,2,11,3,2,4,2,2,0
15,4,2,7,1,2,8,2,1,3,1,2,6
12,3,1,6,1,2,12,3,1,6,1,2,0
11,3,1,6,1,1,11,3,1,6,1,1,0
12,3,1,0,2,8,7,3,1,0,1,3,14
8,2,3,1,1,2,7,2,2,1,1,2,16
29,7,13,6,1,3,16,6,2,6,1,2,21
11,5,0,4,2,2,11,5,0,4,2,2,0
15,2,3,1,2,9,15,2,3,1,2,9,0
11,2,3,1,1,5,11,2,3,1,1,5,0
10,2,3,1,1,4,10,2,3,1,1,4,0
8,2,3,1,1,2,8,2,3,1,1,2,0
29,6,7,4,3,12,8,3,2,0,1,3,19
42,6,7,4,6,25,11,4,2,2,1,3,20
27,6,7,4,3,10,5,2,1,0,1,2,13
25,6,9,6,2,4,14,5,2,5,1,2,29
26,5,8,2,3,11,5,2,1,0,1,2,15
19,3,2,1,5,13,19,3,2,1,5,13,0
13,3,5,3,1,2,9,3,1,3,1,2,9
10,3,2,1,2,4,10,3,2,1,2,4,0
43,8,10,2,7,23,10,4,3,1,1,2,23
27,7,7,1,5,12,27,7,7,1,5,12,0
41,8,10,2,7,21,9,5,1,1,1,2,28
9,3,2,1,1,3,6,3,1,0,1,2,12
31,8,10,2,4,11,9,5,1,1,1,2,21
9,2,1,4,1,2,9,2,1,4,1,2,2
9,2,3,1,1,3,8,2,2,1,1,3,15
12,3,3,0,2,6,5,2,1,0,1,2,12
12,3,3,0,2,6,6,3,1,0,1,2,13
22,5,8,7,1,2,9,3,1,3,1,2,16
22,5,8,7,1,2,9,3,1,3,1,2,17
27,7,12,6,1,2,13,5,2,4,1,2,16
16,4,5,5,1,2,10,3,1,4,1,2,10
16,4,7,3,1,2,7,2,1,2,1,2,4
20,7,7,4,1,2,5,2,1,0,1,2,10
17,7,3,3,2,4,17,7,3,3,2,4,0
153,8,8,6,29,131,12,5,2,3,1,2,23
10,2,2,3,1,3,10,2,2,3,1,3,5
12,3,4,2,1,3,7,2,1,2,1,2,9
4,2,0,1,1,1,4,2,0,1,1,1,0
21,4,5,0,4,12,6,3,1,0,1,2,18
40,4,5,0,10,31,6,3,1,0,1,2,18
9,4,0,4,1,1,9,4,0,4,1,1,0
16,5,6,2,1,3,7,3,1,1,1,2,11
17,5,8,1,1,3,5,2,1,0,1,2,17
15,5,6,2,1,2,7,3,1,1,1,2,9
18,3,5,6,1,4,9,2,1,4,1,2,11
31,3,5,6,4,17,10,2,1,4,1,3,16
9,3,1,3,1,2,9,3,1,3,1,2,2
9,3,1,3,1,2,9,3,1,3,1,2,2
10,2,3,3,1,2,9,2,2,3,1,2,9
8,2,2,3,1,1,8,2,2,3,1,1,0
17,7,7,1,1,2,10,5,2,1,1,2,20
17,7,7,1,1,2,10,5,2,1,1,2,20
4,2,0,1,1,1,4,2,0,1,1,1,0
82,4,8,5,20,65,82,4,8,5,20,65,0
14,4,3,5,1,2,14,4,3,5,1,2,0
13,4,3,5,1,1,13,4,3,5,1,1,0
14,4,3,5,1,2,14,4,3,5,1,2,0
28,6,9,10,1,3,9,2,1,4,1,2,18
15,4,3,5,1,3,15,4,3,5,1,3,0
28,6,9,10,1,3,12,3,1,6,1,2,17
15,7,6,0,1,2,8,5,1,0,1,2,14
15,7,6,0,1,2,8,5,1,0,1,2,14
40,7,11,5,4,17,40,7,11,5,4,17,0
20,7,8,0,1,5,6,2,1,0,1,3,23
16,6,6,2,1,2,5,2,1,0,1,2,15
14,3,5,4,1,2,9,2,2,3,1,2,14
13,4,5,1,1,3,9,3,3,1,1,2,8
13,2,2,4,2,5,9,2,1,4,1,2,8
12,3,4,3,1,2,7,2,1,2,1,2,8
19,4,5,1,3,9,9,3,3,1,1,2,10
15,3,4,3,2,5,7,2,1,2,1,2,9
15,4,5,1,2,5,9,3,3,1,1,2,8
35,7,13,13,1,2,9,2,1,4,1,2,11
17,4,5,1,3,7,9,3,3,1,1,2,10
12,4,5,1,1,2,9,3,3,1,1,2,7
12,4,5,1,1,2,9,3,3,1,1,2,10
13,4,5,1,1,3,7,3,1,1,1,2,11
24,7,6,7,2,4,24,7,6,7,2,4,0
22,6,8,1,4,7,22,6,8,1,4,7,0
27,5,7,5,3,10,8,2,1,2,1,3,12
11,3,2,3,1,3,7,2,1,2,1,2,9
22,5,7,7,1,3,16,5,2,7,1,2,13
23,5,7,7,1,4,16,5,2,7,1,2,23
57,8,13,12,8,24,8,2,1,3,1,2,24
21,6,8,5,1,2,9,3,1,3,1,2,8
15,6,4,3,1,2,12,5,2,3,1,2,10
15,6,4,3,1,2,12,5,2,3,1,2,10
22,4,7,8,1,3,12,3,1,6,1,2,14
20,5,6,5,2,4,7,2,1,2,1,2,11
19,5,6,5,1,3,7,2,1,2,1,2,11
15,3,2,6,2,4,15,3,2,6,2,4,0
12,3,2,6,1,1,12,3,2,6,1,1,0
171,5,6,1,50,159,171,5,6,1,50,159,0
8,4,2,0,1,2,6,3,1,0,1,2,9
8,4,2,0,1,2,6,3,1,0,1,2,11
29,7,10,10,1,2,7,2,1,2,1,2,12
11,2,3,2,1,4,8,2,2,2,1,2,12
8,4,2,0,1,2,6,3,1,0,1,2,11
22,3,5,4,4,10,9,2,2,3,1,2,45
8,2,3,1,1,2,7,2,2,1,1,2,12
24,4,4,1,7,15,24,4,4,1,7,15,0
16,3,5,3,2,5,8,2,1,3,1,2,12
14,3,5,3,1,3,8,2,1,3,1,2,11
20,3,5,3,3,9,8,2,1,3,1,2,12
14,5,6,0,1,3,5,2,1,0,1,2,15
23,5,6,0,5,12,6,3,1,0,1,2,18
22,7,7,5,1,3,7,2,1,1,1,3,17
20,3,4,0,4,13,6,3,1,0,1,2,15
20,2,3,3,4,12,10,2,2,3,1,3,19
25,4,6,4,4,11,10,3,2,3,1,2,12
16,4,6,4,1,2,10,3,2,3,1,2,13
53,4,5,5,13,39,12,3,2,5,1,2,14
22,4,6,4,3,8,9,3,1,3,1,2,11
20,4,5,5,2,6,13,3,3,5,1,2,14
28,4,5,5,5,14,10,3,2,3,1,2,21
16,4,6,4,1,2,9,3,1,3,1,2,10
36,6,9,12,3,9,36,6,9,12,3,9,0
18,4,8,2,1,4,7,2,1,2,1,2,12
27,5,9,7,2,6,10,3,1,4,1,2,17
23,5,9,7,1,2,17,5,3,7,1,2,17
11,3,1,3,3,4,11,3,1,3,3,4,0
24,5,9,7,1,3,10,3,1,4,1,2,14
7,2,2,1,1,2,7,2,2,1,1,2,0
11,2,2,1,2,6,11,2,2,1,2,6,0
9,2,2,1,1,4,9,2,2,1,1,4,0
26,8,12,4,1,2,9,4,1,2,1,2,17
27,8,12,4,1,3,8,3,1,2,1,2,32
23,6,8,3,2,6,5,2,1,0,1,2,19
20,6,8,3,1,3,13,6,2,3,1,2,14
19,6,8,3,1,2,13,6,2,3,1,2,13
20,6,8,3,1,3,13,6,2,3,1,2,14
11,3,2,4,1,2,9,2,2,3,1,2,12
15,3,6,2,2,4,10,3,2,2,2,3,27
16,3,6,2,3,5,10,3,2,2,2,3,30
19,5,3,8,1,3,7,2,1,2,1,2,11
14,5,2,2,3,5,14,5,2,2,3,5,0
13,3,3,6,1,1,13,3,3,6,1,1,0
23,8,7,5,1,3,9,3,1,3,1,2,14
14,3,3,6,1,2,14,3,3,6,1,2,0
21,5,7,2,4,7,21,5,7,2,4,7,0
96,7,11,2,19,76,96,7,11,2,19,76,0
13,6,5,1,1,1,13,6,5,1,1,1,0
19,6,5,4,1,4,19,6,5,4,1,4,1
22,6,8,6,1,2,13,5,1,5,1,2,13
18,6,5,4,1,3,12,5,2,3,1,2,13
21,6,8,0,2,7,6,3,1,0,1,2,21
20,6,4,8,2,2,20,6,4,8,2,2,0
12,4,5,1,1,2,6,3,1,0,1,2,8
21,6,3,2,4,10,11,5,2,2,1,2,11
14,4,5,1,2,4,6,3,1,0,1,2,13
31,6,8,4,5,13,31,6,8,4,5,13,0
22,6,8,4,2,4,22,6,8,4,2,4,0
25,8,9,4,1,4,12,5,2,2,1,3,16
16,6,3,2,2,5,11,5,2,2,1,2,11
13,6,3,2,1,2,10,5,1,2,1,2,8
19,5,1,9,3,4,19,5,1,9,3,4,0
21,3,3,4,4,11,9,2,1,4,1,2,13
11,2,3,1,2,5,7,2,2,1,1,2,13
8,2,3,1,1,2,7,2,2,1,1,2,13
15,4,4,5,1,2,10,3,2,3,1,2,10
8,2,3,0,1,3,5,2,1,0,1,2,12
9,3,4,0,1,2,6,3,1,0,1,2,10
15,6,4,1,1,4,6,3,1,0,1,2,16
18,6,7,2,1,3,5,2,1,0,1,2,17
25,6,4,1,4,14,10,5,2,1,1,2,14
14,6,4,1,1,3,10,5,2,1,1,2,10
21,6,7,2,2,6,5,2,1,0,1,2,19
6,2,1,2,1,1,6,2,1,2,1,1,0
7,2,1,2,1,2,7,2,1,2,1,2,0
4,2,0,1,1,1,4,2,0,1,1,1,0
26,7,4,6,3,9,14,6,2,4,1,2,11
18,3,6,4,1,5,9,2,1,3,1,3,18
7,3,1,1,2,2,7,3,1,1,2,2,0
14,2,2,5,2,5,14,2,2,5,2,5,0
6,2,0,3,1,1,6,2,0,3,1,1,0
27,7,6,1,6,13,27,7,6,1,6,13,0
8,2,2,2,1,2,7,2,1,2,1,2,6
9,3,2,1,2,3,9,3,2,1,2,3,0
13,4,6,0,1,3,6,3,1,0,1,2,13
40,4,6,0,10,30,6,3,1,0,1,2,19
5,2,1,1,1,1,5,2,1,1,1,1,0
15,4,4,3,3,4,15,4,4,3,3,4,0
29,4,6,5,5,14,10,2,2,3,1,3,46
22,7,5,6,3,4,22,7,5,6,3,4,0
14,3,6,1,2,4,7,2,2,1,1,2,25
19,6,7,4,1,2,11,5,1,3,1,2,11
62,4,6,8,16,44,62,4,6,8,16,44,0
13,4,4,1,2,4,7,3,1,1,1,2,9
22,6,8,5,1,3,6,2,1,1,1,2,16
21,6,8,5,1,2,6,2,1,1,1,2,14
21,6,8,5,1,2,7,2,2,1,1,2,18
18,5,5,4,2,4,18,5,5,4,2,4,0
12,3,5,1,1,3,12,3,5,1,1,3,0
9,3,2,2,1,2,6,2,1,1,1,2,8
16,3,2,6,2,5,9,2,1,4,1,2,11
20,5,4,8,1,3,9,2,1,4,1,2,11
21,7,8,4,1,2,8,3,1,2,1,2,12
12,3,4,2,2,3,10,3,2,2,2,3,26
10,3,5,0,1,2,6,3,1,0,1,2,12
6,2,2,0,1,2,5,2,1,0,1,2,9
8,3,3,0,1,2,7,3,2,0,1,2,7
17,3,3,0,2,11,7,3,1,0,1,3,16
13,3,2,6,1,2,13,3,2,6,1,2,2
12,3,3,4,1,2,7,2,1,2,1,2,9
10,3,2,3,1,2,7,2,1,2,1,2,8
33,8,7,11,2,7,10,3,1,4,1,2,21
18,4,5,4,1,5,7,2,1,2,1,2,11
31,8,7,11,2,5,10,3,1,4,1,2,21
15,4,5,4,1,2,7,2,1,2,1,2,9
17,4,5,4,1,4,8,2,1,2,1,3,12
7,4,1,0,1,2,5,2,1,0,1,2,9
15,2,3,3,3,7,15,2,3,3,3,7,0
22,6,8,4,2,4,9,4,3,0,1,2,14
26,4,7,5,5,10,26,4,7,5,5,10,0
21,2,3,3,5,13,21,2,3,3,5,13,0
46,4,7,5,10,30,46,4,7,5,10,30,0
23,6,7,8,1,2,9,3,1,3,1,2,11
12,4,5,1,1,2,6,3,1,0,1,2,8
14,3,5,4,1,2,9,2,2,3,1,2,12
13,3,3,5,1,2,9,2,1,4,1,2,9
16,5,6,2,1,3,12,5,3,2,1,2,12
30,5,6,8,4,11,30,5,6,8,4,11,0
15,5,6,2,1,2,12,5,3,2,1,2,10
10,4,3,0,1,3,8,3,3,0,1,2,8
10,4,3,0,1,3,8,3,3,0,1,2,8
23,5,6,8,1,4,23,5,6,8,1,4,0
21,5,6,2,2,8,12,5,3,2,1,2,11
25,5,5,5,5,10,25,5,5,5,5,10,0
19,4,4,8,1,3,14,3,3,6,1,2,10
12,3,3,4,1,2,10,3,1,4,1,2,8
17,4,2,7,1,4,11,3,1,4,1,3,12
25,4,4,8,3,9,14,3,3,6,1,2,15
4,2,0,1,1,1,4,2,0,1,1,1,0
16,4,6,4,1,2,9,3,1,3,1,2,11
16,4,6,4,1,2,9,3,1,3,1,2,10
26,8,10,6,1,2,8,4,2,0,1,2,14
13,4,3,4,1,2,7,2,1,2,1,2,8
22,6,9,5,1,2,10,3,1,4,1,2,11
8,2,2,2,1,2,7,2,1,2,1,2,6
9,2,2,2,1,3,7,2,1,2,1,2,8
17,5,5,6,1,1,17,5,5,6,1,1,0
10,3,3,2,1,2,7,2,1,2,1,2,6
16,5,4,5,1,2,9,3,1,3,1,2,12
21,8,9,2,1,2,11,6,2,1,1,2,13
29,8,9,2,3,10,10,5,2,1,1,2,20
22,8,9,2,1,3,11,6,2,1,1,2,16
12,4,2,4,1,2,7,2,1,2,1,2,8
17,3,6,6,1,2,13,3,2,6,1,2,8
17,3,6,6,1,2,12,3,1,6,1,2,13
9,2,2,3,1,2,9,2,2,3,1,2,5
14,4,5,2,1,3,7,2,1,1,1,3,11
14,3,3,6,1,2,12,3,1,6,1,2,8
14,3,3,6,1,2,12,3,1,6,1,2,8
11,4,5,0,1,2,6,3,1,0,1,2,12
12,5,5,0,1,2,6,3,1,0,1,2,15
12,5,5,0,1,2,6,3,1,0,1,2,13
21,5,7,6,1,3,10,3,1,4,1,2,14
6,2,0,3,1,1,6,2,0,3,1,1,0
12,4,4,0,1,4,7,3,2,0,1,2,9
41,4,4,0,9,33,7,3,2,0,1,2,14
11,4,4,0,1,3,6,3,1,0,1,2,14
35,4,4,0,8,27,8,3,3,0,1,2,14
13,5,6,0,1,2,7,3,2,0,1,2,9
19,3,4,5,2,7,8,2,1,3,1,2,13
13,5,6,0,1,2,7,3,2,0,1,2,9
16,4,3,0,4,9,6,3,1,0,1,2,15
10,4,3,0,1,3,5,2,1,0,1,2,12
15,3,3,5,1,4,10,2,2,3,1,3,15
8,3,2,1,1,2,7,3,1,1,1,2,6
9,2,1,5,1,1,9,2,1,5,1,1,0
20,6,6,6,1,2,7,2,1,2,1,2,12
31,7,6,14,2,4,12,3,1,6,1,2,21
19,4,6,5,2,4,19,4,6,5,2,4,0
19,4,5,0,4,10,5,2,1,0,1,2,15
12,2,2,3,2,5,12,2,2,3,2,5,0
20,7,7,4,1,2,9,4,1,2,1,2,14
8,3,2,1,1,2,7,2,2,1,1,2,12
134,7,8,4,27,115,134,7,8,4,27,115,0
10,4,0,5,1,1,10,4,0,5,1,1,0
62,3,3,1,12,55,62,3,3,1,12,55,0
9,3,0,5,1,1,9,3,0,5,1,1,0
14,4,4,4,1,2,7,2,1,2,1,2,11
28,4,4,4,5,16,13,4,3,4,1,2,12
11,4,2,3,1,2,9,3,1,3,1,2,6
29,7,7,13,1,2,12,3,1,6,1,2,12
31,7,7,13,2,4,12,3,1,6,1,2,13
45,8,14,9,3,14,45,8,14,9,3,14,0
40,3,2,4,10,31,40,3,2,4,10,31,0
9,3,2,0,2,4,7,3,2,0,1,2,6
13,3,1,7,1,2,9,2,1,4,1,2,4
7,3,2,0,1,2,7,3,2,0,1,2,2
13,3,3,5,1,2,9,2,1,4,1,2,8
8,3,2,0,1,3,6,3,1,0,1,2,11
23,4,5,4,5,10,10,3,2,3,1,2,41
14,3,3,3,1,5,8,2,1,2,1,3,16
47,8,13,13,3,13,47,8,13,13,3,13,0
23,6,10,0,3,7,9,5,2,0,1,2,14
14,3,4,4,2,3,14,3,4,4,2,3,0
18,6,10,0,1,2,9,5,2,0,1,2,10
38,7,9,3,8,19,38,7,9,3,8,19,0
13,3,2,3,2,5,10,3,2,3,1,2,7
14,3,2,3,2,6,10,3,2,3,1,2,8
47,4,6,2,6,35,7,2,1,1,1,3,22
11,2,3,0,2,6,5,2,1,0,1,2,13
18,6,3,5,2,4,18,6,3,5,2,4,0
13,3,3,6,1,1,13,3,3,6,1,1,0
14,3,3,6,1,2,14,3,3,6,1,2,0
16,4,5,3,2,4,11,3,3,3,1,2,8
14,3,5,3,1,3,7,2,1,2,1,2,9
14,3,5,3,1,3,7,2,1,2,1,2,9
13,3,5,3,1,2,9,3,1,3,1,2,10
14,3,3,3,2,5,7,2,1,2,1,2,12
16,5,6,3,1,2,11,4,2,3,1,2,19
14,3,3,6,1,2,13,3,2,6,1,2,7
28,6,7,6,3,9,12,5,1,4,1,2,19
16,3,2,4,4,7,16,3,2,4,4,7,0
37,6,7,6,6,18,12,5,1,4,1,2,22
22,6,7,6,1,3,13,5,2,4,1,2,17
11,4,1,3,3,3,11,4,1,3,3,3,0
4,2,0,1,1,1,4,2,0,1,1,1,0
15,6,4,2,1,3,9,4,3,0,1,2,11
23,6,4,2,4,11,8,3,3,0,1,2,14
37,6,4,2,8,25,8,4,2,0,1,2,15
16,4,5,2,2,5,5,2,1,0,1,2,15
22,4,4,9,2,5,12,3,1,6,1,2,14
24,6,8,6,2,4,24,6,8,6,2,4,0
18,6,4,2,2,6,7,3,2,0,1,2,11
22,4,4,9,2,5,12,3,1,6,1,2,15
21,4,4,9,2,4,13,3,2,6,1,2,11
15,6,4,2,1,3,8,3,3,0,1,2,11
24,8,7,7,1,2,15,6,1,6,1,2,11
17,2,3,3,3,9,17,2,3,3,3,9,0
13,3,3,4,2,3,12,3,2,4,2,3,21
21,7,9,0,2,5,9,5,2,0,1,2,14
8,4,2,0,1,2,6,3,1,0,1,2,9
14,3,4,3,2,4,7,2,1,2,1,2,9
8,3,2,0,1,3,7,3,2,0,1,2,7
8,3,2,0,1,3,6,3,1,0,1,2,11
8,4,2,0,1,2,6,3,1,0,1,2,11
13,3,4,3,1,3,9,3,1,3,1,2,11
12,4,1,5,1,2,7,2,1,2,1,2,6
17,3,5,5,1,4,12,3,2,5,1,2,10
12,3,2,5,1,2,11,3,1,5,1,2,7
4,2,0,1,1,1,4,2,0,1,1,1,0
16,3,5,5,1,3,8,2,1,3,1,2,11
6,3,1,0,1,2,6,3,1,0,1,2,4
20,5,5,6,2,4,16,5,2,6,2,3,36
74,4,8,1,19,61,74,4,8,1,19,61,0
17,3,3,7,2,4,17,3,3,7,2,4,0
22,7,9,4,1,2,9,4,1,2,1,2,16
11,2,2,4,1,3,9,2,1,4,1,2,8
10,2,2,4,1,2,9,2,1,4,1,2,6
14,3,4,4,1,3,14,3,4,4,1,3,0
20,4,6,7,1,3,12,3,2,5,1,2,15
18,4,3,0,4,11,7,3,2,0,1,2,11
9,4,3,0,1,2,7,3,2,0,1,2,8
14,3,4,0,3,7,7,3,2,0,1,2,10
10,3,4,0,1,3,5,2,1,0,1,2,12
11,4,4,2,1,1,11,4,4,2,1,1,0
13,3,4,4,1,2,11,3,2,4,1,2,7
9,3,4,0,1,2,7,3,2,0,1,2,7
5,2,1,0,1,2,5,2,1,0,1,2,4
12,2,3,3,1,4,9,2,1,3,1,3,12
17,4,3,6,1,4,12,3,1,5,1,3,14
24,6,4,10,1,4,11,3,1,4,1,3,14
24,7,10,5,1,2,12,5,2,3,1,2,14
27,6,10,9,1,2,27,6,10,9,1,2,0
21,2,3,1,6,15,21,2,3,1,6,15,0
11,2,3,1,2,5,11,2,3,1,2,5,0
12,2,3,4,1,3,12,2,3,4,1,3,0
11,2,3,4,1,2,11,2,3,4,1,2,0
10,2,3,4,1,1,10,2,3,4,1,1,0
11,2,3,4,1,2,11,2,3,4,1,2,0
14,4,4,1,4,5,14,4,4,1,4,5,0
11,3,3,3,1,2,7,2,1,2,1,2,11
227,4,4,1,46,218,227,4,4,1,46,218,0
22,7,9,3,1,3,7,2,1,1,1,3,12
25,7,5,11,1,2,14,3,3,6,1,2,11
25,7,5,11,1,2,9,2,1,4,1,2,11
26,7,5,11,1,3,14,3,3,6,1,2,14
33,5,8,3,5,17,13,5,2,3,2,3,47
5,2,1,1,1,1,5,2,1,1,1,1,0
9,2,3,2,1,2,9,2,3,2,1,2,0
13,2,3,4,1,4,9,2,1,4,1,2,9
16,5,5,3,1,3,7,3,1,0,1,3,17
19,5,7,4,1,3,6,2,1,1,1,2,11
22,5,5,8,1,4,10,2,1,4,1,3,11
19,5,7,5,1,2,9,3,1,3,1,2,17
10,2,2,3,1,3,10,2,2,3,1,3,7
23,7,9,5,1,2,8,3,1,2,1,2,15
30,8,6,2,7,14,30,8,6,2,7,14,0
16,6,5,3,1,2,16,6,5,3,1,2,0
25,6,5,3,4,11,25,6,5,3,4,11,0
12,2,3,1,2,6,8,2,2,1,1,3,16
10,2,3,1,1,4,8,2,2,1,1,3,16
19,3,6,0,3,10,7,3,2,0,1,2,11
5,2,1,1,1,1,5,2,1,1,1,1,0
39,5,7,2,10,25,39,5,7,2,10,25,0
15,2,3,3,2,7,10,2,2,3,1,3,21
8,2,1,4,1,1,8,2,1,4,1,1,0
11,4,5,0,1,2,6,3,1,0,1,2,12
12,4,5,0,1,3,6,3,1,0,1,2,13
10,2,3,3,1,2,8,2,1,3,1,2,8
13,3,1,7,2,2,13,3,1,7,2,2,0
13,3,2,3,2,5,9,3,1,3,1,2,8
21,3,6,4,4,8,9,2,2,3,1,2,25
15,3,5,4,1,3,10,3,1,4,1,2,11
19,3,5,4,3,7,8,2,1,3,1,2,9
15,3,2,3,3,7,9,3,1,3,1,2,9
22,5,8,7,1,2,9,2,1,4,1,2,11
18,4,4,8,1,2,9,2,1,4,1,2,6
17,4,5,6,1,2,9,2,1,4,1,2,9
19,4,5,6,1,4,10,2,1,4,1,3,12
25,7,8,8,2,2,25,7,8,8,2,2,0
22,4,7,0,3,11,7,3,1,0,1,3,17
15,4,7,0,1,4,6,2,1,0,1,3,13
29,6,10,9,2,4,29,6,10,9,2,4,1
29,3,6,4,4,16,8,2,1,3,1,2,14
13,4,6,0,1,3,7,3,2,0,1,2,9
27,4,6,0,5,17,8,3,3,0,1,2,11
59,4,6,0,15,49,6,3,1,0,1,2,18
29,4,6,0,5,19,7,3,2,0,1,2,15
25,6,6,5,4,8,25,6,6,5,4,8,0
25,6,6,5,3,8,25,6,6,5,3,8,0
21,3,5,3,4,10,21,3,5,3,4,10,0
11,3,3,0,1,5,8,3,2,0,1,3,12
13,3,3,0,2,7,8,3,2,0,1,3,14
11,3,3,0,1,5,8,3,2,0,1,3,12
33,7,7,6,6,13,33,7,7,6,6,13,0
22,7,10,3,1,2,22,7,10,3,1,2,0
63,8,7,2,10,46,9,4,2,0,1,3,22
22,8,7,2,1,5,8,3,2,0,1,3,19
21,7,10,3,1,1,21,7,10,3,1,1,0
27,8,7,2,2,10,5,2,1,0,1,2,19
26,8,7,2,2,9,8,3,2,0,1,3,22
68,8,7,2,10,51,5,2,1,0,1,2,24
36,3,3,0,9,30,8,3,3,0,1,2,11
64,3,6,4,18,51,64,3,6,4,18,51,0
18,6,3,7,1,2,8,2,1,3,1,2,8
12,3,3,0,2,6,6,3,1,0,1,2,13
24,6,4,3,6,11,24,6,4,3,6,11,0
46,8,13,13,2,12,11,3,1,4,1,3,32
57,8,13,13,6,23,12,4,1,5,1,2,39
16,3,3,3,3,7,9,3,1,3,1,2,11
27,7,8,9,1,3,11,4,1,4,1,2,14
26,7,8,9,1,2,15,5,2,6,1,2,10
15,5,4,4,1,2,7,2,1,2,1,2,8
10,2,2,4,1,2,9,2,1,4,1,2,6
24,6,5,3,2,10,9,4,2,0,1,3,18
11,4,2,4,1,1,11,4,2,4,1,1,0
24,5,5,6,4,8,10,2,2,3,1,3,48
13,2,3,3,1,5,9,2,1,3,1,3,13
12,2,3,3,1,4,8,2,1,3,1,2,9
26,2,3,3,4,18,8,2,1,3,1,2,12
14,4,4,1,2,5,7,3,1,1,1,2,9
19,6,7,4,1,2,13,5,2,4,1,2,11
30,6,7,4,4,13,13,5,2,4,1,2,14
23,6,7,4,2,6,13,5,2,4,1,2,14
17,4,5,4,2,4,9,3,1,3,1,2,11
10,3,3,1,1,3,7,2,1,1,1,3,9
32,7,10,12,1,3,11,3,1,5,1,2,14
29,6,6,7,4,10,29,6,6,7,4,10,0
8,2,3,0,1,3,5,2,1,0,1,2,12
21,6,8,4,1,3,9,4,1,2,1,2,18
22,4,3,0,6,15,6,3,1,0,1,2,13
20,4,7,7,1,2,20,4,7,7,1,2,0
13,4,3,0,2,6,8,3,3,0,1,2,8
11,4,3,0,1,4,8,3,3,0,1,2,8
10,3,2,2,1,3,7,2,1,2,1,2,9
9,3,4,0,1,2,7,3,2,0,1,2,8
16,3,4,0,3,9,7,3,2,0,1,2,9
20,4,3,4,2,9,20,4,3,4,2,9,0
9,3,4,0,1,2,6,3,1,0,1,2,10
14,4,3,4,2,3,14,4,3,4,2,3,0
18,4,7,4,1,3,9,2,1,3,1,3,12
4,2,0,1,1,1,4,2,0,1,1,1,0
12,4,6,0,1,2,6,3,1,0,1,2,12
14,4,2,4,2,4,9,3,1,3,1,2,8
24,6,8,7,1,3,12,3,2,5,1,2,17
12,4,2,4,1,2,9,3,1,3,1,2,7
9,2,2,0,1,5,6,2,1,0,1,3,14
17,3,4,1,4,9,17,3,4,1,4,9,0
8,2,2,0,1,4,6,2,1,0,1,3,13
27,7,9,9,1,2,14,5,1,6,1,2,10
19,4,4,0,3,11,7,3,2,0,1,2,11
25,4,4,0,5,17,8,3,3,0,1,2,11
36,4,4,0,9,28,6,3,1,0,1,2,18
61,4,4,0,16,53,6,3,1,0,1,2,19
12,4,4,0,1,4,6,3,1,0,1,2,12
14,4,4,0,2,6,6,3,1,0,1,2,13
28,7,8,9,3,4,28,7,8,9,3,4,0
17,4,4,0,3,9,8,3,3,0,1,2,9
45,5,7,4,7,29,6,3,1,0,1,2,22
11,3,2,0,2,6,7,3,1,0,1,3,15
7,3,2,0,1,2,7,3,2,0,1,2,2
13,3,2,5,1,3,10,2,1,4,1,3,11
15,4,3,3,2,5,11,4,2,3,1,2,12
26,6,5,9,3,6,17,5,3,7,1,2,30
18,6,6,5,1,1,18,6,6,5,1,1,0
38,6,8,11,3,13,10,2,1,4,1,3,26
12,4,4,2,1,2,6,3,1,0,1,2,10
12,4,4,2,1,2,6,3,1,0,1,2,9
20,3,4,0,3,13,8,3,2,0,1,3,15
15,4,5,3,1,3,8,2,1,3,1,2,11
27,6,9,5,3,7,27,6,9,5,3,7,0
9,2,3,0,1,4,6,2,1,0,1,3,13
36,4,3,1,13,28,36,4,3,1,13,28,0
14,2,3,2,3,7,7,2,1,2,1,2,9
22,4,6,4,5,8,22,4,6,4,5,8,0
8,4,2,0,1,2,6,3,1,0,1,2,11
8,4,2,0,1,2,6,3,1,0,1,2,9
17,5,6,3,1,3,7,3,1,1,1,2,11
16,5,6,3,1,2,12,5,2,3,1,2,8
26,7,8,7,1,4,11,3,3,3,1,2,14
31,7,8,7,3,9,10,3,2,3,1,2,13
32,7,8,7,4,10,10,3,2,3,1,2,17
20,4,6,8,1,2,20,4,6,8,1,2,1
30,4,6,8,5,12,9,2,1,4,1,2,21
20,2,3,1,6,14,20,2,3,1,6,14,0
18,3,5,3,2,7,10,3,2,3,1,2,11
9,2,3,1,1,3,9,2,3,1,1,3,0
13,3,5,3,1,2,10,3,2,3,1,2,8
11,4,2,3,1,2,10,3,2,3,1,2,12
15,3,5,3,1,4,7,2,1,2,1,2,11
9,2,3,1,1,3,9,2,3,1,1,3,0
19,3,5,3,3,8,10,3,2,3,1,2,10
19,3,5,3,3,8,7,2,1,2,1,2,12
27,7,9,6,2,5,27,7,9,6,2,5,0
17,4,4,3,1,6,7,2,1,2,1,2,11
20,4,4,3,2,9,8,2,1,2,1,3,18
16,4,4,3,1,5,11,3,3,3,1,2,10
15,4,4,3,1,4,11,3,3,3,1,2,10
16,4,4,3,1,5,11,3,3,3,1,2,10
26,5,7,5,5,9,26,5,7,5,5,9,0
7,2,1,2,1,2,7,2,1,2,1,2,2
11,2,3,3,1,3,10,2,2,3,1,3,12
11,2,3,3,1,3,10,2,2,3,1,3,15
10,2,3,3,1,2,9,2,2,3,1,2,12
11,2,1,4,1,4,10,2,1,4,1,3,9
83,3,4,3,20,73,83,3,4,3,20,73,0
28,6,8,9,2,5,9,3,1,3,1,2,19
32,7,8,8,3,9,32,7,8,8,3,9,0
33,8,9,14,2,2,33,8,9,14,2,2,0
15,3,4,3,2,5,15,3,4,3,2,5,0
11,4,3,3,1,1,11,4,3,3,1,1,0
12,4,3,3,1,2,12,4,3,3,1,2,0
8,4,2,0,1,2,5,2,1,0,1,2,12
24,7,7,3,2,7,13,6,2,3,1,2,17
25,7,7,3,3,8,12,6,2,2,1,2,12
14,2,3,2,2,7,9,2,2,2,1,3,15
15,4,7,2,1,2,15,4,7,2,1,2,0
13,2,3,4,1,4,10,2,1,4,1,3,12
13,4,4,3,1,2,9,2,2,3,1,2,13
15,2,3,2,2,8,7,2,1,2,1,2,9
14,3,6,2,1,3,7,2,1,2,1,2,12
32,6,7,6,5,13,32,6,7,6,5,13,0
14,2,3,2,3,7,7,2,1,2,1,2,11
31,8,13,4,4,6,15,6,2,3,3,4,78
6,2,2,0,1,2,5,2,1,0,1,2,9
22,7,7,6,2,2,22,7,7,6,2,2,0
23,6,7,7,1,3,9,3,1,3,1,2,15
16,5,3,5,2,3,16,5,3,5,2,3,0
15,5,3,5,1,2,15,5,3,5,1,2,0
17,5,4,6,1,2,9,2,1,4,1,2,8
52,4,7,1,15,40,52,4,7,1,15,40,0
16,2,3,1,3,10,8,2,2,1,1,3,14
14,5,2,1,4,6,14,5,2,1,4,6,0
21,6,7,6,1,2,6,2,1,1,1,2,13
11,4,4,1,1,2,6,3,1,0,1,2,12
16,5,4,5,1,2,9,3,1,3,1,2,8
28,7,5,10,4,6,28,7,5,10,4,6,0
11,2,3,3,1,3,10,2,2,3,1,3,14
19,6,7,2,2,4,10,5,1,2,1,2,13
27,7,7,7,4,6,27,7,7,7,4,6,0
26,7,7,7,2,5,26,7,7,7,2,5,0
17,6,7,2,1,2,10,5,1,2,1,2,13
15,4,9,0,1,2,5,2,1,0,1,2,15
23,4,9,0,2,10,7,3,1,0,1,3,21
18,5,4,6,2,3,18,5,4,6,2,3,0
12,4,3,1,2,4,8,2,2,1,1,3,28
11,3,4,1,2,3,7,2,2,1,1,2,23
13,4,1,6,1,2,11,4,1,4,1,2,8
15,4,3,4,2,4,10,3,1,4,1,2,11
19,6,6,6,1,1,19,6,6,6,1,1,0
15,3,5,2,2,5,7,2,1,2,1,2,13
15,4,4,4,2,3,10,3,2,3,1,2,21
10,2,2,3,1,3,8,2,1,3,1,2,8
13,5,5,1,1,2,5,2,1,0,1,2,16
18,4,4,1,3,9,8,3,3,0,1,2,11
25,8,8,6,1,3,12,5,1,4,1,2,16
25,8,8,6,1,3,12,5,1,4,1,2,16
25,4,4,1,5,16,9,4,3,0,1,2,14
9,3,0,5,1,1,9,3,0,5,1,1,0
20,5,4,9,1,2,15,4,3,6,1,2,10
12,3,4,3,1,2,9,3,1,3,1,2,9
13,3,5,3,1,2,7,2,1,2,1,2,8
20,5,4,9,1,2,15,4,3,6,1,2,10
20,5,4,9,1,2,14,4,3,5,1,2,11
28,4,7,7,4,10,12,3,1,6,1,2,15
14,3,5,3,2,3,8,2,2,2,1,2,24
7,2,1,2,1,2,7,2,1,2,1,2,2
29,6,9,6,3,8,9,3,1,3,1,2,15
29,7,7,7,2,8,6,3,1,0,1,2,19
36,7,7,7,3,15,6,3,1,0,1,2,20
92,7,7,7,14,71,8,3,2,0,1,3,23
33,7,7,7,2,12,8,3,3,0,1,2,14
15,3,2,6,3,4,15,3,2,6,3,4,0
17,5,4,6,1,2,5,2,1,0,1,2,13
18,5,4,6,1,3,5,2,1,0,1,2,16
15,3,3,2,2,7,15,3,3,2,2,7,0
10,3,3,2,1,2,5,2,1,0,1,2,9
20,6,8,5,1,1,20,6,8,5,1,1,0
24,6,8,8,1,2,8,3,1,2,1,2,12
21,6,8,5,1,2,21,6,8,5,1,2,0
12,4,3,3,1,2,7,2,1,2,1,2,9
11,3,2,2,3,4,11,3,2,2,3,4,0
17,4,5,4,2,4,7,2,1,2,1,2,9
16,4,5,4,1,3,7,2,1,2,1,2,9
17,6,5,2,3,4,17,6,5,2,3,4,0
11,3,2,3,1,3,10,3,2,3,1,2,7
8,2,2,3,1,1,8,2,2,3,1,1,0
12,3,3,3,1,3,7,2,1,2,1,2,12
8,2,2,2,1,2,7,2,1,2,1,2,6
24,6,4,12,1,2,9,2,1,4,1,2,8
7,2,1,1,1,3,7,2,1,1,1,3,4
127,6,10,5,28,106,127,6,10,5,28,106,0
27,7,9,5,1,6,11,4,1,3,1,3,17
33,7,9,5,4,12,11,4,1,4,1,2,21
29,7,9,5,2,8,11,4,1,4,1,2,19
13,3,3,4,2,3,13,3,3,4,2,3,0
13,2,3,4,1,4,9,2,1,4,1,2,11
16,4,5,5,1,2,16,4,5,5,1,2,0
17,4,5,2,2,6,8,3,1,2,1,2,12
15,4,5,5,1,1,15,4,5,5,1,1,0
11,2,3,2,1,4,7,2,1,2,1,2,8
14,4,5,2,1,3,8,3,1,2,1,2,14
13,4,7,0,1,2,8,3,3,0,1,2,8
21,4,6,7,1,4,12,3,1,5,1,3,17
9,3,3,1,2,2,9,3,3,1,2,2,0
18,6,3,7,1,2,16,5,2,7,1,2,8
8,2,1,2,1,3,8,2,1,2,1,3,4
52,4,8,1,16,39,52,4,8,1,16,39,0
36,8,11,10,3,7,11,4,2,3,1,2,18
22,7,9,1,2,5,22,7,9,1,2,5,0
31,8,11,10,1,2,11,4,2,3,1,2,16
8,3,2,0,1,3,5,2,1,0,1,2,12
12,3,3,4,1,2,9,2,2,3,1,2,12
11,2,3,2,2,4,11,2,3,2,2,4,0
11,2,3,2,2,4,11,2,3,2,2,4,0
32,8,11,10,1,3,15,5,2,6,1,2,25
20,7,8,3,1,2,11,5,1,3,1,2,11
21,3,5,3,3,10,7,2,1,2,1,2,16
11,3,2,3,1,3,7,2,1,2,1,2,9
12,3,2,5,2,2,12,3,2,5,2,2,0
11,4,0,6,1,1,11,4,0,6,1,1,0
10,2,3,2,1,3,7,2,1,2,1,2,8
21,4,4,4,3,9,11,3,3,3,1,2,11
17,4,5,5,1,3,10,2,2,3,1,3,15
12,2,3,2,2,5,7,2,1,2,1,2,9
15,5,4,4,1,2,9,2,1,4,1,2,11
32,4,4,4,7,20,11,3,3,3,1,2,13
23,4,4,4,3,11,11,3,3,3,1,2,11
13,2,2,4,2,5,9,2,1,4,1,2,8
47,6,7,2,7,32,7,3,1,0,1,3,24
24,6,7,2,2,9,9,4,1,1,1,3,23
21,4,6,0,4,11,5,2,1,0,1,2,16
12,4,6,0,1,2,5,2,1,0,1,2,13
22,4,6,0,4,12,5,2,1,0,1,2,17
14,4,6,0,1,4,5,2,1,0,1,2,15
31,6,5,1,4,19,11,5,3,0,1,3,17
24,8,10,4,1,2,12,5,1,4,1,2,13
24,8,10,4,1,2,12,5,1,4,1,2,13
46,6,5,1,7,34,6,3,1,0,1,2,19
49,6,5,1,8,37,11,5,3,0,1,3,19
17,6,5,1,1,5,11,5,3,0,1,3,17
37,7,8,6,8,16,37,7,8,6,8,16,0
18,3,4,7,2,4,18,3,4,7,2,4,0
19,3,4,7,2,5,9,2,1,4,1,2,11
22,4,7,4,2,7,10,3,1,4,1,2,17
12,3,2,5,1,2,9,2,1,4,1,2,8
13,3,2,5,1,3,9,2,1,4,1,2,9
22,4,7,4,3,7,8,2,1,3,1,2,15
17,4,3,6,1,4,10,3,1,4,1,2,13
16,4,3,6,1,3,10,3,1,4,1,2,11
21,4,3,6,3,8,10,3,1,4,1,2,14
8,2,3,1,1,2,7,2,2,1,1,2,15
18,4,5,7,1,2,14,4,1,7,1,2,11
30,4,6,4,3,16,10,3,2,3,1,2,13
26,7,8,9,1,2,17,5,2,8,1,2,12
26,7,5,11,2,3,26,7,5,11,2,3,0
26,4,5,7,4,10,14,4,1,7,1,2,16
21,8,6,5,1,2,6,3,1,0,1,2,15
9,3,3,0,1,3,6,3,1,0,1,2,12
194,6,11,7,48,170,194,6,11,7,48,170,1
27,7,8,9,1,3,18,5,3,8,1,2,12
29,5,7,6,3,11,29,5,7,6,3,11,0
23,5,7,6,1,5,23,5,7,6,1,5,0
19,5,6,5,2,3,19,5,6,5,2,3,0
29,5,6,5,6,13,29,5,6,5,6,13,0
10,2,3,2,1,3,7,2,1,2,1,2,9
9,2,3,2,1,2,7,2,1,2,1,2,8
34,6,9,9,5,10,9,2,2,3,1,2,29
12,5,3,2,1,2,6,3,1,0,1,2,13
12,5,3,2,1,2,6,3,1,0,1,2,14
18,3,6,3,2,6,10,3,2,3,1,2,16
12,3,3,5,1,1,12,3,3,5,1,1,0
13,4,5,0,1,4,7,3,1,0,1,3,15
23,7,7,5,2,4,9,3,1,3,1,2,20
17,4,5,0,2,8,7,3,1,0,1,3,17
26,7,10,5,1,4,5,2,1,0,1,2,15
28,7,10,5,2,6,7,3,2,0,1,2,17
17,4,5,0,2,8,7,3,1,0,1,3,17
13,4,5,0,1,4,7,3,1,0,1,3,15
16,4,2,5,2,5,16,4,2,5,2,5,0
17,5,4,5,2,3,17,5,4,5,2,3,0
19,7,8,2,1,2,8,3,1,2,1,2,15
10,4,3,1,2,2,10,4,3,1,2,2,0
27,4,4,8,4,11,13,3,2,6,1,2,10
21,7,8,2,1,4,8,3,1,2,1,2,15
17,4,6,5,1,2,10,3,1,4,1,2,11
18,4,6,5,1,3,10,3,1,4,1,2,11
19,4,6,5,1,4,10,3,1,4,1,2,11
26,6,6,5,4,9,8,2,2,1,1,3,49
7,2,1,2,1,2,7,2,1,2,1,2,2
28,7,10,3,3,8,11,5,2,2,1,2,16
25,7,10,3,2,5,11,5,2,2,1,2,16
28,7,10,3,3,8,11,5,2,2,1,2,14
31,6,8,10,2,7,31,6,8,10,2,7,0
45,6,8,10,8,21,45,6,8,10,8,21,0
21,5,3,10,1,3,9,2,1,4,1,2,16
22,5,3,10,1,4,17,5,1,9,1,2,11
34,5,3,10,5,16,34,5,3,10,5,16,0
19,6,7,3,1,3,7,3,2,0,1,2,12
60,6,7,3,9,44,8,4,2,0,1,2,16
25,6,8,7,2,4,9,3,1,3,1,2,15
21,6,7,3,1,5,13,5,3,3,1,2,14
30,6,12,3,2,9,7,3,1,0,1,3,23
32,6,12,3,3,11,5,2,1,0,1,2,22
8,3,2,0,1,3,6,3,1,0,1,2,11
10,2,2,3,1,3,10,2,2,3,1,3,0
18,4,6,4,1,4,9,3,1,3,1,2,17
28,4,6,4,5,14,9,3,1,3,1,2,15
9,2,2,3,1,2,9,2,2,3,1,2,0
24,4,6,4,4,10,10,3,2,3,1,2,13
13,2,3,2,2,6,7,2,1,2,1,2,10
42,8,11,8,5,15,42,8,11,8,5,15,0
16,4,6,4,1,2,10,3,2,3,1,2,8
17,4,6,4,1,3,7,2,1,2,1,2,11
13,3,3,4,1,3,8,2,1,2,1,3,11
16,6,4,4,1,2,9,3,1,3,1,2,12
14,3,3,4,1,4,8,2,1,2,1,3,12
8,3,3,0,1,2,7,3,2,0,1,2,7
18,7,9,0,1,2,8,5,1,0,1,2,16
9,3,3,0,1,3,7,3,2,0,1,2,8
19,7,9,0,1,3,8,5,1,0,1,2,17
26,7,11,5,1,3,26,7,11,5,1,3,0
25,6,5,12,1,2,12,3,1,6,1,2,10
25,6,5,12,1,2,12,3,1,6,1,2,14
17,3,4,5,2,5,9,2,1,4,1,2,12
16,3,4,5,1,4,9,2,1,4,1,2,12
14,3,4,5,1,2,9,2,1,4,1,2,9
21,5,8,6,1,2,12,4,1,5,1,2,12
16,6,6,2,1,2,6,3,1,0,1,2,12
17,5,4,6,1,2,9,2,1,4,1,2,8
22,4,9,0,3,9,8,3,3,0,1,2,14
25,4,9,0,4,12,5,2,1,0,1,2,15
67,4,9,0,17,54,5,2,1,0,1,2,20
27,4,9,0,5,14,5,2,1,0,1,2,16
7,2,1,2,1,2,7,2,1,2,1,2,2
24,5,8,8,2,3,24,5,8,8,2,3,0
14,5,4,3,1,2,7,2,1,2,1,2,7
13,3,3,4,2,3,9,2,2,3,1,2,23
9,3,0,4,2,2,9,3,0,4,2,2,0
8,2,1,3,1,2,8,2,1,3,1,2,2
7,2,3,1,1,1,7,2,3,1,1,1,0
9,2,3,1,1,3,9,2,3,1,1,3,0
7,2,2,1,1,2,7,2,2,1,1,2,0
10,2,3,1,2,4,10,2,3,1,2,4,0
7,2,2,1,1,2,7,2,2,1,1,2,0
20,4,3,6,2,7,7,2,1,2,1,2,12
6,2,2,1,1,1,6,2,2,1,1,1,0
19,4,4,5,2,6,19,4,4,5,2,6,0
11,4,3,2,1,2,11,4,3,2,1,2,0
24,5,9,8,1,2,15,4,2,7,1,2,27
23,5,6,7,2,5,23,5,6,7,2,5,0
18,3,6,4,1,5,10,2,1,4,1,3,14
34,7,7,10,5,10,34,7,7,10,5,10,0
9,3,3,2,1,1,9,3,3,2,1,1,0
12,3,3,2,2,4,12,3,3,2,2,4,0
11,3,3,2,1,3,11,3,3,2,1,3,0
21,7,6,6,1,2,7,3,2,0,1,2,14
24,7,6,6,2,5,6,3,1,0,1,2,17
42,5,5,6,10,26,42,5,5,6,10,26,0
14,4,5,3,1,2,9,2,2,3,1,2,14
17,6,7,2,1,2,10,5,1,2,1,2,11
25,6,6,2,3,11,6,3,1,0,1,2,18
9,3,0,4,2,2,9,3,0,4,2,2,0
26,6,6,2,4,12,7,3,2,0,1,2,15
21,6,6,2,2,7,8,3,3,0,1,2,10
19,4,5,8,1,2,13,3,2,6,1,2,8
21,4,5,8,1,4,14,3,3,6,1,2,8
24,4,5,8,2,7,13,3,2,6,1,2,11
20,4,5,8,1,3,14,3,3,6,1,2,8
17,6,6,2,1,3,8,3,3,0,1,2,11
68,7,6,5,18,50,68,7,6,5,18,50,0
46,5,6,1,8,34,46,5,6,1,8,34,0
15,5,4,4,1,2,6,3,1,0,1,2,12
15,4,3,5,1,3,8,2,1,3,1,2,9
15,5,4,4,1,2,6,3,1,0,1,2,13
9,2,2,3,1,2,9,2,2,3,1,2,4
26,7,8,9,1,2,8,2,1,3,1,2,17
20,8,8,0,2,4,8,5,1,0,1,2,17
33,7,8,11,2,7,8,2,1,2,1,3,18
18,4,4,6,1,4,8,2,1,3,1,2,15
16,4,4,6,1,2,8,2,1,3,1,2,12
29,7,8,11,1,3,7,2,1,2,1,2,12
25,5,6,2,4,12,25,5,6,2,4,12,0
44,5,6,2,8,31,44,5,6,2,8,31,0
21,8,7,0,2,6,10,5,3,0,1,2,16
17,8,7,0,1,2,10,5,3,0,1,2,13
20,7,8,2,1,3,7,3,1,1,1,2,14
8,3,1,1,2,3,8,3,1,1,2,3,0
20,4,8,5,1,3,12,3,3,4,1,2,11
29,4,8,5,5,12,12,3,3,4,1,2,16
19,4,8,5,1,2,12,3,3,4,1,2,11
92,6,9,4,19,73,92,6,9,4,19,73,0
13,2,2,5,2,4,13,2,2,5,2,4,0
10,2,2,5,1,1,10,2,2,5,1,1,0
17,4,5,5,1,3,13,3,2,5,1,3,15
17,4,5,5,1,3,13,3,2,5,1,3,14
10,3,4,0,1,3,8,3,3,0,1,2,8
14,4,7,0,1,3,9,4,3,0,1,2,10
22,4,7,0,4,11,9,4,3,0,1,2,14
30,3,4,1,7,22,30,3,4,1,7,22,0
11,3,4,1,1,3,5,2,1,0,1,2,14
365,8,15,3,90,339,365,8,15,3,90,339,0
13,3,3,4,1,3,8,2,1,2,1,3,13
13,3,3,4,1,3,8,2,1,2,1,3,15
24,4,5,2,3,13,7,3,1,0,1,3,19
26,4,5,2,3,15,7,3,1,0,1,3,21
56,6,8,9,8,33,7,2,1,2,1,2,17
16,4,5,2,1,5,7,3,1,0,1,3,18
19,4,5,5,2,5,7,2,1,2,1,2,15
24,4,5,5,3,10,7,2,1,2,1,2,13
9,3,0,5,1,1,9,3,0,5,1,1,0
16,4,5,5,1,2,7,2,1,2,1,2,11
22,4,7,6,2,5,12,3,2,5,1,2,18
14,4,2,6,1,2,14,4,2,6,1,2,0
13,4,2,6,1,1,13,4,2,6,1,1,0
15,4,5,4,1,2,10,4,1,3,1,2,8
29,7,10,6,2,6,10,4,1,3,1,2,20
18,4,4,6,1,4,10,3,1,4,1,2,14
25,7,10,6,1,2,12,5,1,4,1,2,19
17,4,4,6,1,3,10,3,1,4,1,2,12
17,4,4,6,1,3,10,3,1,4,1,2,12
13,2,3,5,1,3,13,2,3,5,1,3,0
28,5,6,2,5,15,10,5,1,2,1,2,16
25,2,3,5,6,15,25,2,3,5,6,15,0
12,2,3,5,1,2,12,2,3,5,1,2,0
16,5,6,2,1,3,10,5,1,2,1,2,11
12,3,2,3,1,4,7,2,1,2,1,2,9
31,4,3,5,4,19,8,2,1,2,1,3,21
12,2,2,3,2,5,12,2,2,3,2,5,0
15,2,2,3,3,8,15,2,2,3,3,8,0
10,5,3,0,1,2,5,2,1,0,1,2,9
17,5,5,5,1,2,9,2,1,4,1,2,9
9,4,3,0,1,2,5,2,1,0,1,2,9
16,3,3,3,2,7,9,3,1,3,1,2,11
29,6,6,11,4,6,29,6,6,11,4,6,0
15,3,3,3,2,6,8,2,1,2,1,3,15
11,2,3,3,1,3,10,2,2,3,1,3,15
12,3,3,3,1,3,9,3,1,3,1,2,9
12,3,3,3,1,3,9,3,1,3,1,2,10
26,5,8,6,3,7,7,2,1,2,1,2,14
13,3,3,3,1,4,9,3,1,3,1,2,9
7,4,1,0,1,2,6,3,1,0,1,2,9
18,6,6,4,1,2,10,4,1,3,1,2,11
25,6,7,2,3,10,25,6,7,2,3,10,0
24,8,10,0,1,6,11,5,3,0,1,3,17
54,8,10,0,8,36,11,5,3,0,1,3,22
24,8,10,0,1,6,12,6,3,0,1,3,17
12,3,1,4,3,4,12,3,1,4,3,4,0
24,8,10,0,1,6,9,5,2,0,1,2,14
13,4,2,5,1,2,13,4,2,5,1,2,0
25,5,6,4,2,10,15,5,3,4,1,3,14
11,2,1,5,2,3,11,2,1,5,2,3,0
12,3,4,3,1,2,7,2,1,2,1,2,8
20,4,7,7,1,2,13,3,2,6,1,2,10
12,3,3,4,1,2,9,2,1,4,1,2,9
13,3,3,4,1,3,9,2,1,4,1,2,10
19,8,9,0,1,2,6,3,1,0,1,2,17
11,4,5,0,1,2,6,3,1,0,1,2,12
18,4,6,6,1,2,18,4,6,6,1,2,0
19,6,6,4,1,3,12,5,1,4,1,2,11
18,6,6,4,1,2,12,5,1,4,1,2,11
17,5,4,4,1,4,14,5,2,4,1,3,13
22,5,4,4,2,9,14,5,2,4,1,3,16
17,6,5,4,1,2,8,4,2,0,1,2,12
8,2,3,1,1,2,7,2,2,1,1,2,9
7,2,2,1,1,2,7,2,2,1,1,2,4
8,2,1,3,1,2,8,2,1,3,1,2,2
35,8,9,5,5,13,11,4,2,3,1,2,92
13,3,4,3,2,3,9,2,2,3,1,2,24
22,6,3,3,6,10,22,6,3,3,6,10,0
15,4,8,0,1,3,9,4,3,0,1,2,10
31,4,3,0,9,24,7,3,2,0,1,2,14
7,3,2,0,1,2,6,3,1,0,1,2,9
9,2,3,1,1,3,9,2,3,1,1,3,0
10,4,3,0,1,3,6,3,1,0,1,2,12
9,2,3,1,1,3,9,2,3,1,1,3,0
9,2,3,1,2,3,9,2,3,1,2,3,0
10,2,3,1,1,4,10,2,3,1,1,4,0
17,7,3,4,2,3,17,7,3,4,2,3,0
31,4,9,5,4,13,11,3,2,4,1,2,21
34,7,9,12,4,6,34,7,9,12,4,6,0
10,3,3,2,1,2,7,2,1,2,1,2,9
25,7,9,4,2,5,5,2,1,0,1,2,19
20,7,8,3,1,2,10,5,1,2,1,2,11
20,7,8,3,1,2,10,5,1,2,1,2,13
10,3,3,2,1,2,7,2,1,2,1,2,9
16,5,8,0,1,3,9,4,3,0,1,2,10
24,7,9,4,1,4,11,5,1,3,1,2,14
33,7,9,4,4,13,13,5,3,3,1,2,13
22,7,9,4,1,2,13,5,3,3,1,2,10
11,3,3,2,1,3,7,2,1,2,1,2,11
20,7,8,3,1,2,10,5,1,2,1,2,13
19,5,8,0,1,6,6,2,1,0,1,3,21
14,3,6,0,1,5,6,2,1,0,1,3,18
16,3,6,0,2,7,6,2,1,0,1,3,19
12,2,3,3,1,4,9,2,1,3,1,3,12
14,6,5,0,1,3,6,3,1,0,1,2,15
19,6,5,0,3,8,7,3,2,0,1,2,12
7,2,1,2,1,2,7,2,1,2,1,2,2
14,6,5,0,1,3,7,3,2,0,1,2,11
23,6,5,0,5,12,6,3,1,0,1,2,13
15,4,4,4,1,3,9,3,1,3,1,2,12
17,4,4,4,2,5,9,3,1,3,1,2,13
10,2,2,3,1,3,8,2,1,3,1,2,8
15,3,5,4,1,3,8,2,1,3,1,2,11
13,3,6,1,1,3,7,3,2,0,1,2,14
82,3,6,1,15,72,82,3,6,1,15,72,0
17,3,6,1,2,7,8,3,3,0,1,2,9
10,3,2,1,3,4,10,3,2,1,3,4,0
24,6,6,3,5,9,24,6,6,3,5,9,0
27,6,6,3,5,12,27,6,6,3,5,12,0
14,4,2,1,2,7,5,2,1,0,1,2,13
10,3,5,0,1,2,5,2,1,0,1,2,10
11,2,3,2,2,4,11,2,3,2,2,4,0
10,3,5,0,1,2,5,2,1,0,1,2,10
10,2,3,2,1,3,10,2,3,2,1,3,2
8,2,3,2,1,1,8,2,3,2,1,1,0
11,3,5,0,1,3,5,2,1,0,1,2,12
11,4,5,0,1,2,8,4,2,0,1,2,7
5,2,1,1,1,1,5,2,1,1,1,1,0
20,5,3,4,3,8,7,2,1,2,1,2,11
14,5,3,4,1,2,10,3,2,3,1,2,8
17,4,6,2,2,5,6,2,1,1,1,2,15
12,3,3,3,2,3,12,3,3,3,2,3,0
22,6,9,5,1,2,9,3,1,3,1,2,18
13,6,5,0,1,2,7,3,2,0,1,2,9
16,6,5,0,2,5,6,3,1,0,1,2,16
9,2,2,3,1,2,9,2,2,3,1,2,0
15,4,5,4,1,2,10,3,2,3,1,2,10
19,5,5,4,2,5,12,5,1,4,1,2,11
17,5,5,4,1,3,12,5,1,4,1,2,11
27,7,10,6,1,4,9,4,1,2,1,2,15
16,4,5,4,1,3,10,3,2,3,1,2,11
29,7,12,8,1,2,13,5,2,4,1,2,22
18,5,6,3,3,4,18,5,6,3,3,4,0
30,7,12,8,1,3,13,5,2,4,1,2,19
17,6,6,3,1,2,9,4,1,2,1,2,12
16,4,4,6,1,2,16,4,4,6,1,2,0
20,4,4,5,3,7,10,3,1,4,1,2,12
23,3,3,4,3,13,9,2,2,3,1,2,15
13,3,3,4,1,3,9,2,2,3,1,2,16
8,3,0,4,1,1,8,3,0,4,1,1,0
11,4,3,0,2,4,6,3,1,0,1,2,12
9,4,3,0,1,2,6,3,1,0,1,2,11
17,4,4,6,1,3,14,4,2,6,1,2,17
6,2,0,3,1,1,6,2,0,3,1,1,0
13,4,6,0,1,3,6,3,1,0,1,2,13
17,4,6,0,3,7,7,3,2,0,1,2,11
26,4,6,0,6,16,7,3,2,0,1,2,18
16,4,4,6,1,2,14,4,2,6,1,2,19
13,3,4,1,2,5,8,2,2,1,1,3,26
18,5,4,5,3,4,18,5,4,5,3,4,0
24,3,6,6,3,9,13,3,2,6,1,2,18
18,5,6,0,3,7,6,3,1,0,1,2,12
17,4,6,4,1,3,7,2,1,2,1,2,11
16,4,6,4,1,2,7,2,1,2,1,2,9
20,3,5,0,3,12,6,2,1,0,1,3,19
12,5,5,0,1,2,6,3,1,0,1,2,12
9,3,3,0,1,3,8,3,3,0,1,2,7
9,3,3,0,1,3,7,3,2,0,1,2,8
20,6,6,3,1,5,20,6,6,3,1,5,0
13,4,6,0,1,3,6,3,1,0,1,2,14
12,4,6,0,1,2,6,3,1,0,1,2,14
17,4,6,0,3,7,6,3,1,0,1,2,13
18,5,9,2,1,2,8,3,3,0,1,2,9
21,5,9,2,1,5,6,3,1,0,1,2,17
56,6,9,3,8,38,12,5,2,3,1,2,17
23,6,9,3,1,5,12,5,2,3,1,2,13
15,4,3,0,3,8,6,3,1,0,1,2,13
9,4,3,0,1,2,6,3,1,0,1,2,12
10,4,3,0,1,3,6,3,1,0,1,2,13
9,4,3,0,1,2,5,2,1,0,1,2,12
11,4,2,3,1,2,11,4,2,3,1,2,0
13,4,3,4,1,2,13,4,3,4,1,2,4
14,4,2,3,2,5,14,4,2,3,2,5,0
29,4,8,7,4,10,29,4,8,7,4,10,0
13,3,3,4,1,3,11,3,2,4,1,2,8
17,5,4,6,1,2,10,3,1,4,1,2,9
12,3,3,4,1,2,11,3,2,4,1,2,7
25,3,3,4,5,15,11,3,2,4,1,2,11
13,7,4,0,1,2,8,4,2,0,1,2,10
29,8,12,6,1,3,10,3,1,4,1,2,24
28,8,12,6,1,2,10,3,1,4,1,2,17
15,4,6,2,1,3,9,3,2,2,1,2,12
18,4,6,2,2,6,9,3,2,2,1,2,15
15,4,6,2,1,3,6,2,1,1,1,2,14
15,4,6,0,1,5,7,3,2,0,1,2,12
17,5,5,4,1,3,7,2,1,2,1,2,14
16,5,5,4,1,2,7,2,1,2,1,2,11
45,4,6,0,7,35,9,3,3,0,1,3,17
24,4,6,0,3,14,6,3,1,0,1,2,17
9,3,4,0,1,2,5,2,1,0,1,2,9
28,4,4,5,5,15,9,3,1,3,1,2,14
16,4,4,5,1,3,10,3,2,3,1,2,11
21,4,4,5,2,8,10,3,2,3,1,2,12
26,5,9,6,2,6,7,2,1,2,1,2,18
40,5,9,6,5,20,7,2,1,2,1,2,14
24,5,9,6,1,4,8,2,1,2,1,3,18
34,5,9,6,3,14,8,2,1,2,1,3,21
53,7,6,6,11,34,53,7,6,6,11,34,0
65,7,6,6,17,46,65,7,6,6,17,46,0
7,2,2,1,1,2,7,2,2,1,1,2,4
8,2,1,3,1,2,8,2,1,3,1,2,2
18,5,7,4,1,2,12,5,1,4,1,2,10
21,6,5,9,1,1,21,6,5,9,1,1,0
18,5,6,4,1,3,11,3,3,3,1,2,10
22,5,6,4,2,7,11,3,3,3,1,2,11
21,5,6,4,2,6,7,2,1,2,1,2,12
22,6,5,9,1,2,22,6,5,9,1,2,0
68,7,12,12,15,37,68,7,12,12,15,37,0
23,3,4,0,4,16,8,3,3,0,1,2,11
19,7,7,3,1,2,5,2,1,0,1,2,12
13,3,5,3,1,2,7,2,1,2,1,2,12
28,3,4,0,5,21,8,3,2,0,1,3,17
21,5,5,8,1,3,8,2,1,3,1,2,12
21,4,6,8,1,3,13,3,2,6,1,2,10
33,3,4,0,5,26,6,3,1,0,1,2,15
25,7,6,10,1,2,8,2,1,3,1,2,16
33,4,4,5,8,20,33,4,4,5,8,20,0
9,3,4,0,1,2,6,3,1,0,1,2,11
25,7,8,8,1,2,25,7,8,8,1,2,0
24,7,8,8,1,1,24,7,8,8,1,1,0
10,2,3,2,1,3,10,2,3,2,1,3,0
11,2,3,2,2,4,11,2,3,2,2,4,0
9,2,2,3,1,2,9,2,2,3,1,2,5
8,2,3,2,1,1,8,2,3,2,1,1,0
26,6,6,5,3,9,13,5,2,4,1,2,11
9,2,1,4,1,2,9,2,1,4,1,2,2
22,6,6,5,2,5,12,5,1,4,1,2,11
20,5,6,7,1,2,16,5,2,7,1,2,11
19,6,6,5,1,2,12,5,1,4,1,2,10
13,4,3,5,1,1,13,4,3,5,1,1,0
19,6,6,5,1,2,13,5,2,4,1,2,8
46,7,10,7,5,22,46,7,10,7,5,22,0
20,5,6,6,2,3,20,5,6,6,2,3,0
7,3,2,0,1,2,6,3,1,0,1,2,9
23,5,8,8,1,2,9,2,1,4,1,2,9
24,5,8,8,1,3,9,2,1,4,1,2,12
23,5,8,8,1,2,9,2,1,4,1,2,9
24,4,6,6,2,8,9,2,1,4,1,2,14
32,4,6,6,4,16,9,2,1,4,1,2,15
12,2,3,3,1,4,9,2,1,3,1,3,12
15,2,3,3,2,7,9,2,1,3,1,3,15
11,2,3,4,1,2,9,2,1,4,1,2,8
10,2,3,3,1,2,8,2,1,3,1,2,8
22,2,3,3,3,14,9,2,1,3,1,3,15
8,3,2,0,1,3,6,3,1,0,1,2,11
7,3,2,0,1,2,7,3,2,0,1,2,2
9,3,2,0,2,4,7,3,2,0,1,2,7
6,2,1,1,1,2,6,2,1,1,1,2,0
30,8,10,10,1,2,15,5,1,7,1,2,13
30,8,10,10,1,2,15,5,1,7,1,2,10
8,2,2,2,1,2,7,2,1,2,1,2,6
11,2,2,2,2,5,7,2,1,2,1,2,8
33,5,5,6,6,17,33,5,5,6,6,17,0
22,4,7,8,1,3,13,3,2,6,1,2,11
19,5,5,6,2,3,19,5,5,6,2,3,0
22,5,7,8,1,2,15,4,2,7,1,2,15
22,5,7,8,1,2,14,4,2,6,1,2,13
28,8,13,5,1,2,6,3,1,0,1,2,17
18,5,8,0,2,5,5,2,1,0,1,2,17
34,8,13,5,3,8,6,3,1,0,1,2,24
29,8,13,5,1,3,6,3,1,0,1,2,21
21,7,5,7,1,2,8,2,1,3,1,2,15
11,3,2,2,1,4,6,2,1,0,1,3,15
17,3,2,2,2,10,6,2,1,0,1,3,17
15,4,6,3,1,2,8,2,1,3,1,2,11
17,4,5,6,1,2,11,3,1,5,1,2,9
9,2,3,2,1,2,7,2,1,2,1,2,6
17,5,5,5,1,2,17,5,5,5,1,2,0
20,4,5,6,2,5,11,3,1,5,1,2,12
15,3,3,5,1,4,13,3,2,5,1,3,14
8,2,3,0,1,3,5,2,1,0,1,2,12
24,4,5,0,5,15,9,4,3,0,1,2,11
13,4,6,0,1,3,7,3,2,0,1,2,11
8,2,2,2,1,2,7,2,1,2,1,2,6
22,4,5,0,4,13,8,3,3,0,1,2,14
22,4,8,4,2,6,9,3,1,3,1,2,22
14,5,1,6,1,2,9,2,1,4,1,2,8
12,4,4,0,2,4,6,3,1,0,1,2,13
16,3,2,2,4,9,16,3,2,2,4,9,0
10,2,2,3,1,3,9,2,1,3,1,3,9
14,2,2,3,2,7,9,2,1,3,1,3,11
11,2,3,2,1,4,7,2,1,2,1,2,11
15,4,2,7,1,2,9,2,1,4,1,2,8
10,2,2,4,1,2,9,2,1,4,1,2,6
11,2,2,4,1,3,9,2,1,4,1,2,8
19,4,6,4,2,5,7,2,1,2,1,2,12
20,4,5,0,4,11,6,3,1,0,1,2,19
10,4,1,3,1,2,9,3,1,3,1,2,6
27,7,8,3,2,9,7,3,1,0,1,3,24
22,7,8,3,1,4,7,3,1,0,1,3,20
25,6,8,2,3,9,8,3,1,2,1,2,14
18,6,8,2,1,2,8,3,1,2,1,2,13
21,5,4,9,2,3,21,5,4,9,2,3,0
17,6,7,2,1,2,10,5,1,2,1,2,14
19,2,3,5,4,9,19,2,3,5,4,9,0
12,2,3,5,1,2,12,2,3,5,1,2,0
27,6,9,9,1,3,14,4,1,7,1,2,14
16,4,8,0,2,4,6,3,1,0,1,2,15
14,4,8,0,1,2,6,3,1,0,1,2,12
20,5,3,1,4,11,20,5,3,1,4,11,0
12,4,6,0,1,2,6,3,1,0,1,2,12
8,3,1,2,2,2,8,3,1,2,2,2,0
11,2,2,3,1,4,8,2,1,3,1,2,8
4,2,0,1,1,1,4,2,0,1,1,1,0
17,4,2,5,4,6,17,4,2,5,4,6,0
9,2,2,3,1,2,8,2,1,3,1,2,6
28,5,7,6,4,10,15,5,2,6,1,2,18
18,5,4,6,1,3,18,5,4,6,1,3,0
13,4,2,5,1,2,9,3,1,3,1,2,6
17,5,4,6,1,2,17,5,4,6,1,2,0
17,5,4,6,1,2,17,5,4,6,1,2,0
10,2,3,4,1,1,10,2,3,4,1,1,0
16,5,4,6,1,1,16,5,4,6,1,1,0
18,4,4,7,1,3,12,3,1,6,1,2,15
17,3,3,4,2,7,9,2,1,4,1,2,13
19,4,4,7,1,4,9,2,1,4,1,2,11
29,4,4,7,5,14,9,2,1,4,1,2,13
15,3,3,4,2,5,9,2,1,4,1,2,12
18,4,4,7,1,3,12,3,1,6,1,2,15
11,3,3,3,2,2,11,3,3,3,2,2,0
16,4,6,1,2,5,9,4,2,1,1,2,17
22,4,6,5,2,7,12,3,3,4,1,2,10
52,4,6,5,12,37,11,3,2,4,1,2,17
19,4,6,5,1,4,10,3,1,4,1,2,11
7,2,0,4,1,1,7,2,0,4,1,1,0
22,4,9,7,1,2,14,3,3,6,1,2,16
23,4,9,7,1,3,9,2,1,4,1,2,11
30,7,7,14,1,2,30,7,7,14,1,2,0
15,6,5,2,2,2,15,6,5,2,2,2,0
8,3,1,0,1,4,7,3,1,0,1,3,12
8,3,1,0,1,4,7,3,1,0,1,3,12
28,6,6,2,3,14,7,3,1,0,1,3,22
20,4,4,3,3,9,10,4,1,3,1,2,13
22,5,7,7,1,3,7,2,1,2,1,2,12
8,4,0,3,1,1,8,4,0,3,1,1,0
23,5,7,7,1,4,7,2,1,2,1,2,11
53,8,10,14,8,21,53,8,10,14,8,21,0
61,8,8,5,15,40,61,8,8,5,15,40,0
20,4,5,7,1,4,14,4,2,6,1,2,13
25,4,5,7,3,9,14,4,2,6,1,2,10
7,2,1,3,1,1,7,2,1,3,1,1,0
21,4,5,7,2,5,10,3,1,4,1,2,17
20,6,6,6,1,2,9,3,1,3,1,2,8
7,2,1,2,1,2,7,2,1,2,1,2,2
15,3,4,6,1,2,9,2,1,4,1,2,6
20,6,6,6,1,2,9,3,1,3,1,2,10
11,4,5,0,1,2,8,4,2,0,1,2,8
10,3,5,0,1,2,10,3,5,0,1,2,5
12,3,2,5,1,2,12,3,2,5,1,2,0
36,6,7,11,4,12,18,5,1,10,1,2,18
27,6,7,11,1,3,18,5,1,10,1,2,17
21,5,3,7,2,6,21,5,3,7,2,6,0
15,3,2,5,2,5,15,3,2,5,2,5,1
24,6,8,7,1,3,24,6,8,7,1,3,0
11,3,2,5,1,1,11,3,2,5,1,1,0
17,6,7,2,1,2,5,2,1,0,1,2,14
20,6,7,2,2,5,5,2,1,0,1,2,17
23,6,7,2,3,8,5,2,1,0,1,2,15
25,7,4,6,3,8,7,3,2,0,1,2,14
25,7,4,6,3,8,7,3,2,0,1,2,14
18,5,2,6,4,5,18,5,2,6,4,5,0
13,4,3,4,1,2,7,2,1,2,1,2,8
12,3,4,3,1,2,7,2,1,2,1,2,6
26,8,7,5,2,6,7,3,2,0,1,2,16
23,7,6,7,1,3,6,3,1,0,1,2,19
22,8,7,5,1,2,7,3,2,0,1,2,10
23,7,6,7,1,3,6,3,1,0,1,2,18
11,3,2,4,1,2,10,3,1,4,1,2,6
17,3,5,2,4,7,17,3,5,2,4,7,0
20,4,6,8,1,2,8,2,1,3,1,2,5
22,6,11,3,1,2,22,6,11,3,1,2,0
15,4,5,4,1,2,8,2,1,3,1,2,8
24,4,5,4,4,11,7,2,1,2,1,2,16
20,6,3,10,1,1,20,6,3,10,1,1,0
18,4,6,6,2,2,18,4,6,6,2,2,0
27,6,9,5,2,7,5,2,1,0,1,2,16
12,3,5,0,1,4,6,2,1,0,1,3,15
12,3,5,0,1,4,7,3,1,0,1,3,15
23,6,9,5,1,3,9,4,3,0,1,2,17
13,3,5,0,1,5,7,3,1,0,1,3,18
21,5,5,2,4,9,21,5,5,2,4,9,0
17,4,6,2,2,5,7,2,1,2,1,2,14
18,4,8,0,2,6,6,3,1,0,1,2,15
15,4,8,0,1,3,6,3,1,0,1,2,16
18,4,8,0,2,6,6,3,1,0,1,2,15
20,4,8,0,3,8,6,3,1,0,1,2,15
7,2,2,1,1,2,7,2,2,1,1,2,0
27,7,4,5,6,11,27,7,4,5,6,11,0
17,6,7,2,1,2,11,5,2,2,1,2,11
17,6,7,2,1,2,11,5,2,2,1,2,11
11,2,2,5,1,2,11,2,2,5,1,2,0
24,6,9,2,4,7,11,5,2,1,2,3,45
13,3,2,5,1,3,8,2,1,3,1,2,9
13,2,2,5,2,4,13,2,2,5,2,4,0
47,7,10,4,10,26,11,4,2,3,1,2,30
16,4,7,3,1,2,7,2,1,2,1,2,7
22,6,4,3,2,9,12,5,2,2,1,3,14
24,6,4,3,3,11,7,2,1,2,1,2,14
29,3,3,1,9,22,29,3,3,1,9,22,0
9,3,3,1,1,2,8,3,2,1,1,2,9
22,3,3,1,7,15,22,3,3,1,7,15,0
16,7,5,0,2,4,6,3,1,0,1,2,15
7,2,2,1,1,2,6,2,1,1,1,2,6
10,2,2,1,2,5,6,2,1,1,1,2,8
14,5,6,0,1,3,8,4,2,0,1,2,11
8,2,1,2,1,3,8,2,1,2,1,3,4
29,8,6,13,1,2,11,3,1,5,1,2,12
57,7,13,8,9,29,57,7,13,8,9,29,0
14,4,4,1,2,5,5,2,1,0,1,2,16
6,3,1,0,1,2,5,2,1,0,1,2,9
24,6,8,5,2,5,9,3,1,3,1,2,18
11,3,1,5,1,2,9,2,1,4,1,2,6
42,8,12,5,8,17,15,6,2,3,3,4,100
30,8,12,8,1,2,9,3,1,3,1,2,14
31,8,12,8,1,3,9,3,1,3,1,2,17
21,5,2,7,2,7,14,4,1,6,1,3,12
21,6,5,5,2,5,7,2,1,2,1,2,12
22,7,5,0,4,10,6,3,1,0,1,2,19
20,6,5,7,1,2,13,5,1,5,1,2,11
17,6,6,4,1,1,17,6,6,4,1,1,0
13,4,2,4,1,3,12,4,2,4,1,2,7
18,6,6,4,1,2,18,6,6,4,1,2,0
21,4,2,6,5,9,21,4,2,6,5,9,0
10,3,2,3,1,2,9,3,1,3,1,2,7
16,3,2,3,3,8,9,3,1,3,1,2,8
32,6,5,10,5,11,15,4,2,7,1,2,42
25,7,8,0,4,10,8,5,1,0,1,2,18
20,7,8,0,2,5,8,4,2,0,1,2,15
23,6,10,5,1,2,7,2,1,2,1,2,12
21,5,5,8,1,3,21,5,5,8,1,3,0
11,4,5,0,1,2,5,2,1,0,1,2,12
18,4,7,3,1,4,10,2,2,3,1,3,17
18,5,4,7,1,2,9,2,1,4,1,2,11
11,2,2,0,2,7,5,2,1,0,1,2,10
8,2,2,0,1,4,5,2,1,0,1,2,10
22,5,4,7,1,6,9,2,1,4,1,2,14
12,4,6,0,1,2,5,2,1,0,1,2,12
12,4,6,0,1,2,5,2,1,0,1,2,12
24,3,5,3,3,13,8,2,1,2,1,3,15
30,6,7,7,4,10,14,5,1,6,1,2,14
13,3,5,3,1,2,11,3,3,3,1,2,8
12,2,2,4,1,4,9,2,1,4,1,2,8
38,3,2,1,8,32,38,3,2,1,8,32,0
10,2,2,4,1,2,9,2,1,4,1,2,6
23,5,7,6,3,5,23,5,7,6,3,5,0
26,6,9,3,3,8,7,3,2,0,1,2,14
5,2,0,2,1,1,5,2,0,2,1,1,0
35,8,9,9,3,9,7,2,1,2,1,2,12
20,6,2,7,3,5,20,6,2,7,3,5,0
9,2,3,2,1,2,8,2,2,2,1,2,11
14,4,5,1,2,4,7,3,2,0,1,2,11
62,3,3,7,16,49,62,3,3,7,16,49,0
11,3,3,3,1,2,6,2,1,1,1,2,9
23,6,9,6,1,2,8,2,1,3,1,2,14
24,6,9,6,1,3,8,2,1,3,1,2,15
24,4,3,4,4,13,9,3,1,3,1,2,13
21,5,8,2,2,6,5,2,1,0,1,2,17
17,6,4,5,1,2,7,2,1,2,1,2,11
17,5,8,2,1,2,6,3,1,0,1,2,15
11,3,3,3,1,2,9,3,1,3,1,2,8
17,6,2,7,1,2,11,4,1,4,1,2,9
22,7,8,4,2,3,14,5,2,4,2,3,31
21,6,5,8,1,2,8,2,1,3,1,2,8
15,5,5,3,1,2,9,4,3,0,1,2,8
16,5,5,3,1,3,9,4,3,0,1,2,11
15,5,5,3,1,2,9,4,3,0,1,2,8
20,6,8,4,2,2,20,6,8,4,2,2,0
8,2,1,3,1,2,8,2,1,3,1,2,2
24,7,8,5,1,4,15,6,1,5,1,3,20
12,3,4,0,2,5,5,2,1,0,1,2,12
12,3,4,0,2,5,6,3,1,0,1,2,13
20,7,9,0,2,4,6,3,1,0,1,2,18
19,7,9,0,1,3,7,3,2,0,1,2,14
17,3,5,4,2,5,9,2,1,4,1,2,12
14,3,3,3,2,5,11,3,3,3,1,2,8
12,3,3,3,1,3,11,3,3,3,1,2,7
11,3,3,3,1,2,9,3,1,3,1,2,8
12,3,3,3,1,3,7,2,1,2,1,2,11
15,3,3,3,2,6,11,3,3,3,1,2,8
51,8,12,8,10,23,51,8,12,8,10,23,0
14,4,6,0,1,4,6,3,1,0,1,2,15
21,6,6,6,1,3,10,3,2,3,1,2,14
29,7,9,10,1,3,29,7,9,10,1,3,0
25,4,6,0,5,15,7,3,2,0,1,2,14
29,7,9,10,1,3,29,7,9,10,1,3,0
20,6,6,6,1,2,11,4,2,3,1,2,11
40,6,6,6,8,22,7,2,1,2,1,2,20
15,4,6,0,1,5,7,3,2,0,1,2,9
21,6,6,6,1,3,7,2,1,2,1,2,16
22,6,6,6,1,4,7,2,1,2,1,2,16
35,7,9,10,2,9,35,7,9,10,2,9,0
14,6,5,0,1,3,6,3,1,0,1,2,16
33,8,11,4,4,10,7,2,1,2,1,2,24
7,2,1,2,1,2,7,2,1,2,1,2,2
14,6,5,0,1,3,7,4,1,0,1,2,15
14,4,3,5,1,2,9,3,1,3,1,2,9
24,6,7,8,1,3,7,2,1,2,1,2,12
25,6,7,8,2,4,7,2,1,2,1,2,14
9,3,2,1,2,3,7,2,2,1,1,2,19
20,4,3,5,3,8,9,3,1,3,1,2,12
10,2,3,2,1,3,7,2,1,2,1,2,9
11,4,3,2,1,2,7,2,1,2,1,2,9
20,4,3,2,4,11,7,2,1,2,1,2,14
24,6,7,8,1,3,7,2,1,2,1,2,15
15,4,3,5,1,3,10,3,2,3,1,2,10
32,5,9,1,5,17,5,2,1,0,1,2,19
77,7,6,5,11,59,14,5,2,5,1,2,18
32,7,6,5,3,14,7,3,1,0,1,3,20
25,5,9,1,3,10,7,3,1,0,1,3,19
28,7,6,5,2,10,10,4,1,2,1,3,22
29,5,9,1,3,14,5,2,1,0,1,2,17
21,4,3,7,3,7,11,3,1,5,1,2,9
15,3,4,6,1,2,11,3,1,5,1,2,7
15,4,4,1,2,6,6,3,1,0,1,2,13
13,4,4,1,1,4,8,3,2,0,1,3,14
13,4,4,1,1,4,6,3,1,0,1,2,14
18,4,5,7,1,2,8,2,1,3,1,2,16
30,7,9,8,2,6,30,7,9,8,2,6,0
7,3,2,0,1,2,6,3,1,0,1,2,9
30,7,9,8,2,6,30,7,9,8,2,6,0
7,2,2,1,1,2,5,2,1,0,1,2,6
8,2,3,0,1,3,5,2,1,0,1,2,12
24,7,5,10,2,2,24,7,5,10,2,2,0
8,2,2,1,1,3,8,2,2,1,1,3,0
16,3,5,4,1,4,9,2,1,3,1,3,14
12,3,3,3,1,3,10,3,2,3,1,2,8
15,3,3,0,2,9,6,2,1,0,1,3,17
19,3,3,3,3,10,11,3,3,3,1,2,8
16,4,4,4,1,4,11,4,1,4,1,2,10
19,3,3,3,3,10,11,3,3,3,1,2,8
12,3,3,3,1,3,9,3,1,3,1,2,10
9,3,2,2,1,2,7,2,1,2,1,2,6
11,2,3,4,1,2,9,2,1,4,1,2,8
18,6,6,4,1,2,11,5,1,3,1,2,10
20,6,6,4,2,4,11,5,1,3,1,2,13
12,2,3,4,1,3,9,2,1,4,1,2,9
14,6,5,1,1,2,14,6,5,1,1,2,0
7,2,1,2,1,2,7,2,1,2,1,2,2
13,3,2,0,3,8,7,3,2,0,1,2,8
33,6,7,10,3,10,9,2,1,3,1,3,17
8,3,2,0,1,3,7,3,2,0,1,2,7
7,2,2,0,1,3,5,2,1,0,1,2,10
16,4,5,5,1,2,9,2,2,3,1,2,12
24,7,14,0,1,3,5,2,1,0,1,2,20
25,7,14,0,1,4,11,6,3,0,1,2,15
41,4,5,5,9,27,11,3,2,4,1,2,16
24,7,14,0,1,3,5,2,1,0,1,2,21
13,4,3,2,1,4,9,3,3,1,1,2,9
87,4,5,5,22,73,10,3,1,4,1,2,21
24,7,14,0,1,3,5,2,1,0,1,2,19
18,4,5,5,1,4,11,3,2,4,1,2,13
18,4,5,5,1,4,10,3,1,4,1,2,15
7,2,2,1,1,2,7,2,2,1,1,2,4
9,2,3,1,1,3,8,2,2,1,1,3,16
20,7,5,5,2,3,20,7,5,5,2,3,0
12,4,4,0,2,4,6,3,1,0,1,2,14
15,3,3,6,1,3,10,2,1,4,1,3,13
29,5,5,9,3,10,12,3,1,6,1,2,14
38,5,5,9,5,19,12,3,1,6,1,2,16
27,5,5,9,2,8,12,3,1,6,1,2,15
12,3,2,5,1,2,9,2,1,4,1,2,8
13,3,2,5,1,3,9,2,1,4,1,2,9
21,6,5,8,1,2,21,6,5,8,1,2,0
22,7,6,7,1,2,12,4,1,5,1,2,12
23,7,6,7,1,3,12,4,1,5,1,2,15
19,7,9,1,1,2,8,5,1,0,1,2,12
30,6,9,6,3,9,30,6,9,6,3,9,0
23,6,9,6,1,2,23,6,9,6,1,2,0
32,6,9,6,3,11,32,6,9,6,3,11,0
30,6,9,6,3,9,30,6,9,6,3,9,0
16,3,4,2,2,7,7,2,1,1,1,3,12
29,7,12,3,2,7,13,5,3,3,1,2,17
24,2,2,4,4,16,10,2,1,4,1,3,13
20,8,6,4,1,2,6,2,1,1,1,2,12
12,2,2,4,1,4,10,2,1,4,1,3,11
18,4,3,8,1,3,9,2,1,4,1,2,10
24,4,3,8,4,9,13,3,2,6,1,2,13
23,7,9,3,2,4,10,4,2,2,1,2,22
21,7,9,3,1,2,8,3,1,2,1,2,12
18,6,8,2,1,2,6,3,1,0,1,2,11
22,6,9,5,1,2,8,2,1,3,1,2,9
23,6,9,5,1,3,8,2,1,3,1,2,11
41,4,9,3,5,25,10,3,1,3,1,3,21
30,7,7,10,2,6,12,4,3,3,1,2,14
27,7,7,10,1,3,7,2,1,2,1,2,15
11,4,3,2,1,2,6,3,1,0,1,2,12
17,4,6,5,1,2,8,2,1,3,1,2,9
19,4,7,5,1,3,10,3,1,4,1,2,13
42,4,7,5,9,26,8,2,1,3,1,2,17
18,4,7,5,1,2,10,3,1,4,1,2,10
25,8,6,7,2,4,12,5,1,4,1,2,13
19,3,3,5,4,8,19,3,3,5,4,8,0
22,6,10,3,1,3,22,6,10,3,1,3,0
12,4,2,4,1,2,9,3,1,3,1,2,8
11,3,5,1,1,2,6,2,1,1,1,2,9
14,4,2,4,2,4,9,3,1,3,1,2,8
13,2,3,2,2,6,9,2,2,2,1,3,16
11,2,3,2,1,4,8,2,2,2,1,2,13
9,3,3,1,1,2,6,3,1,0,1,2,8
9,3,3,1,1,2,6,3,1,0,1,2,6
25,3,5,3,4,14,11,3,3,3,1,2,13
12,2,2,3,2,5,8,2,1,3,1,2,8
16,4,4,5,2,3,16,4,4,5,2,3,0
14,3,5,3,1,3,11,3,3,3,1,2,10
23,3,5,3,4,12,11,3,3,3,1,2,11
14,3,5,3,1,3,9,3,1,3,1,2,12
23,3,5,3,4,12,10,3,2,3,1,2,13
15,3,5,3,1,4,10,3,2,3,1,2,11
18,4,6,6,1,2,18,4,6,6,1,2,0
59,3,6,4,14,46,59,3,6,4,14,46,0
18,4,5,5,2,4,12,3,3,4,1,2,11
23,4,5,9,2,5,12,3,1,6,1,2,16
19,3,2,6,3,8,12,3,1,6,1,2,8
93,4,5,9,23,75,93,4,5,9,23,75,0
19,5,6,5,1,3,13,5,1,5,1,2,13
21,3,2,6,4,10,12,3,1,6,1,2,11
9,2,2,3,1,2,9,2,2,3,1,2,4
26,4,4,7,6,11,26,4,4,7,6,11,0
15,3,5,2,3,5,15,3,5,2,3,5,0
28,6,6,9,3,7,13,4,1,6,1,2,14
9,2,2,3,1,2,8,2,1,3,1,2,6
18,4,5,5,2,4,18,4,5,5,2,4,1
23,5,3,7,5,8,23,5,3,7,5,8,0
15,4,3,6,1,2,12,3,1,6,1,2,11
21,6,4,7,3,4,21,6,4,7,3,4,0
12,4,4,2,1,2,5,2,1,0,1,2,9
18,4,5,6,1,3,10,2,1,4,1,3,11
9,3,1,3,1,2,9,3,1,3,1,2,2
11,3,3,3,1,2,7,2,1,2,1,2,7
9,3,1,3,1,2,9,3,1,3,1,2,2
8,2,3,0,1,3,5,2,1,0,1,2,12
12,3,3,5,1,1,12,3,3,5,1,1,0
8,3,3,0,1,2,7,3,2,0,1,2,7
27,7,8,7,2,5,15,5,2,6,1,2,18
18,6,5,6,1,1,18,6,5,6,1,1,0
12,3,3,1,1,5,6,2,1,0,1,3,16
25,7,8,7,1,3,5,2,1,0,1,2,18
16,4,5,0,2,7,9,4,3,0,1,2,13
19,6,5,6,1,2,19,6,5,6,1,2,0
14,5,6,0,1,3,9,4,2,0,1,3,11
15,3,5,3,1,4,7,2,1,2,1,2,11
14,3,5,3,1,3,7,2,1,2,1,2,10
74,3,5,1,23,65,74,3,5,1,23,65,0
19,4,6,6,1,3,9,2,1,4,1,2,9
22,5,8,4,2,5,5,2,1,0,1,2,19
26,3,5,3,6,15,12,3,3,3,2,3,38
16,3,6,2,1,5,8,2,1,2,1,3,15
19,3,6,2,2,8,7,2,1,2,1,2,12
18,3,6,2,2,7,8,2,1,2,1,3,14
13,4,4,0,2,5,6,3,1,0,1,2,15
10,4,4,0,1,2,6,3,1,0,1,2,10
30,8,9,5,5,8,30,8,9,5,5,8,0
14,3,3,5,1,3,9,2,1,4,1,2,11
13,3,3,5,1,2,9,2,1,4,1,2,9
11,4,3,0,1,4,7,3,1,0,1,3,15
15,4,3,0,2,8,7,3,1,0,1,3,18
11,4,3,0,1,4,7,3,1,0,1,3,14
11,4,3,0,1,4,7,3,1,0,1,3,14
25,7,10,5,1,3,10,5,1,2,1,2,14
42,7,10,5,6,20,11,5,2,2,1,2,17
22,3,6,4,3,9,10,3,1,4,1,2,15
8,4,0,3,1,1,8,4,0,3,1,1,0
9,4,2,2,1,1,9,4,2,2,1,1,0
10,4,2,2,1,2,10,4,2,2,1,2,0
16,4,2,7,1,3,10,2,1,4,1,3,9
15,4,5,3,1,3,7,2,1,2,1,2,11
14,4,5,3,1,2,7,2,1,2,1,2,8
18,5,3,7,1,3,11,3,1,4,1,3,9
8,3,1,2,1,2,7,2,1,2,1,2,6
14,4,5,3,1,2,10,3,2,3,1,2,11
11,2,2,4,1,3,9,2,1,4,1,2,8
14,3,4,4,1,3,9,2,1,3,1,3,11
28,6,7,10,2,5,28,6,7,10,2,5,0
27,6,7,10,2,4,27,6,7,10,2,4,0
15,6,3,4,2,2,15,6,3,4,2,2,0
25,6,7,10,1,2,25,6,7,10,1,2,0
58,7,11,1,12,39,58,7,11,1,12,39,0
11,3,2,4,1,2,7,2,1,2,1,2,11
42,7,11,1,9,23,42,7,11,1,9,23,0
168,8,9,5,34,146,168,8,9,5,34,146,0
9,4,3,0,1,2,6,3,1,0,1,2,9
9,4,3,0,1,2,6,3,1,0,1,2,12
39,8,15,7,2,9,8,2,1,2,1,3,22
17,5,5,5,1,2,9,3,1,3,1,2,10
35,8,15,7,1,5,11,3,3,3,1,2,16
42,8,15,7,3,12,7,2,1,2,1,2,14
34,8,15,7,1,4,8,2,1,2,1,3,20
20,5,5,5,2,5,7,2,1,2,1,2,11
9,2,2,2,1,3,7,2,1,2,1,2,8
13,6,1,3,2,3,13,6,1,3,2,3,0
14,4,1,4,4,5,14,4,1,4,4,5,0
8,3,1,2,1,2,7,2,1,2,1,2,6
16,7,7,0,1,2,8,5,1,0,1,2,15
27,6,9,10,1,2,18,5,2,9,1,2,19
16,7,7,0,1,2,8,5,1,0,1,2,15
27,6,9,10,1,2,18,5,2,9,1,2,17
14,4,6,2,2,2,14,4,6,2,2,2,0
8,2,0,5,1,1,8,2,0,5,1,1,0
14,5,3,4,1,2,12,5,1,4,1,2,8
22,6,7,5,2,4,22,6,7,5,2,4,0
7,2,3,0,1,2,5,2,1,0,1,2,10
22,2,3,0,6,17,5,2,1,0,1,2,12
22,6,7,5,2,4,22,6,7,5,2,4,0
20,3,6,4,2,7,8,2,1,3,1,2,15
16,3,6,4,1,3,8,2,1,3,1,2,12
23,6,10,2,2,5,11,5,2,2,1,2,19
15,3,6,4,1,2,8,2,1,3,1,2,12
10,2,3,0,2,5,5,2,1,0,1,2,12
20,5,7,7,1,1,20,5,7,7,1,1,0
24,8,12,0,2,4,9,5,2,0,1,2,16
21,5,7,7,1,2,21,5,7,7,1,2,0
7,3,2,0,1,2,5,2,1,0,1,2,9
22,4,8,0,2,10,8,3,3,0,1,2,13
7,2,1,2,1,2,7,2,1,2,1,2,2
15,3,6,3,2,3,15,3,6,3,2,3,0
11,2,2,3,1,4,9,2,1,3,1,3,11
17,5,5,4,1,3,8,3,3,0,1,2,10
13,3,2,6,1,2,9,2,1,4,1,2,5
16,5,5,4,1,2,5,2,1,0,1,2,13
18,4,7,6,1,1,18,4,7,6,1,1,0
16,3,2,6,2,5,13,3,2,6,1,2,7
17,4,5,6,1,2,17,4,5,6,1,2,0
25,4,5,6,3,10,25,4,5,6,3,10,0
13,3,2,6,1,2,13,3,2,6,1,2,2
13,3,2,6,1,2,12,3,1,6,1,2,7
21,6,9,2,1,4,12,5,3,1,1,3,17
19,6,9,2,1,2,7,3,1,1,1,2,9
26,6,9,2,2,9,26,6,9,2,2,9,0
25,8,10,5,1,2,6,2,1,1,1,2,14
13,3,5,0,2,5,5,2,1,0,1,2,13
17,6,7,2,1,2,10,5,1,2,1,2,11
15,4,4,5,1,2,9,2,1,4,1,2,11
17,4,4,5,1,4,9,2,1,4,1,2,12
16,4,4,5,1,3,9,2,1,4,1,2,12
19,6,7,2,2,4,10,5,1,2,1,2,10
33,6,6,8,7,13,33,6,6,8,7,13,0
8,2,3,1,1,2,7,2,2,1,1,2,12
25,5,7,6,3,7,9,3,1,3,1,2,17
22,7,13,0,1,2,5,2,1,0,1,2,15
22,5,6,6,2,5,22,5,6,6,2,5,0
26,5,6,6,4,9,26,5,6,6,4,9,0
9,2,3,1,1,3,8,2,2,1,1,3,15
9,2,3,1,1,3,8,2,2,1,1,3,18
11,2,3,1,1,5,8,2,2,1,1,3,15
22,7,13,0,1,2,5,2,1,0,1,2,16
11,2,2,3,1,4,10,2,2,3,1,3,15
18,4,4,8,1,2,12,3,1,6,1,2,8
27,6,7,11,2,3,27,6,7,11,2,3,0
25,6,10,6,1,3,16,6,2,6,1,2,15
16,4,3,7,1,2,9,2,1,4,1,2,11
21,7,6,6,1,2,12,5,1,4,1,2,16
23,7,6,6,2,4,12,5,1,4,1,2,13
9,2,1,4,1,2,9,2,1,4,1,2,2
37,7,6,6,7,18,37,7,6,6,7,18,0
16,5,3,6,1,2,11,4,2,3,1,2,11
16,5,3,6,1,2,11,4,2,3,1,2,10
14,3,5,3,1,3,9,3,1,3,1,2,14
12,4,4,2,1,2,6,3,1,0,1,2,13
16,3,5,3,2,5,9,3,1,3,1,2,11
24,7,9,0,3,8,7,4,1,0,1,2,20
22,6,6,2,2,8,22,6,6,2,2,8,0
11,3,5,1,1,2,6,2,1,1,1,2,8
17,3,6,0,2,8,7,3,2,0,1,2,11
14,3,3,6,1,2,12,3,1,6,1,2,8
15,3,2,4,4,6,15,3,2,4,4,6,0
22,7,10,3,1,2,11,5,1,3,1,2,16
16,4,3,6,1,3,8,2,1,3,1,2,12
16,4,3,6,1,3,8,2,1,3,1,2,11
26,7,10,3,2,6,11,5,1,3,1,2,17
33,7,10,7,5,9,33,7,10,7,5,9,0
33,8,10,11,1,4,8,2,1,2,1,3,14
17,3,2,7,3,5,17,3,2,7,3,5,0
7,2,2,1,1,2,7,2,2,1,1,2,0
6,2,2,1,1,1,6,2,2,1,1,1,0
21,6,7,3,2,5,11,5,1,3,1,2,14
31,6,5,10,4,10,31,6,5,10,4,10,0
21,4,5,8,2,4,14,3,3,6,1,2,13
24,7,7,2,3,8,11,5,3,1,1,2,13
19,7,7,2,1,3,9,4,2,1,1,2,16
19,6,7,3,1,3,11,5,1,3,1,2,14
14,3,6,1,1,4,7,2,1,1,1,3,12
22,5,7,7,1,3,15,4,1,7,1,3,16
44,6,5,10,9,23,44,6,5,10,9,23,1
15,5,6,1,1,3,5,2,1,0,1,2,18
14,5,6,1,1,2,5,2,1,0,1,2,17
15,4,6,0,2,5,6,3,1,0,1,2,16
21,4,2,5,4,10,7,2,1,2,1,2,15
12,3,3,1,3,5,12,3,3,1,3,5,0
16,5,5,2,1,4,7,3,1,0,1,3,18
28,5,5,2,3,16,7,3,1,0,1,3,21
18,4,7,4,1,3,9,3,1,3,1,2,17
6,3,1,0,1,2,6,3,1,0,1,2,4
18,5,5,6,1,2,16,5,3,6,1,2,7
35,6,11,10,4,8,35,6,11,10,4,8,0
27,8,10,5,1,4,13,5,2,3,1,3,16
43,8,10,5,5,20,13,5,2,3,1,3,29
10,3,2,3,1,2,7,2,1,2,1,2,6
21,4,4,4,4,9,9,3,1,3,1,2,14
25,4,4,4,5,13,10,3,2,3,1,2,14
16,6,7,0,1,3,10,5,3,0,1,2,11
21,6,7,0,3,8,9,5,2,0,1,2,11
16,6,7,0,1,3,9,5,2,0,1,2,11
16,6,7,0,1,3,10,5,3,0,1,2,13
18,6,7,0,2,5,10,5,3,0,1,2,15
18,6,7,0,2,5,9,5,2,0,1,2,11
16,6,7,0,1,3,9,5,2,0,1,2,10
17,4,3,5,2,5,13,4,2,5,1,2,15
11,2,3,4,1,2,9,2,1,4,1,2,8
68,4,6,0,18,58,7,3,2,0,1,2,17
16,4,6,0,1,6,7,3,1,0,1,3,19
14,4,6,0,1,4,8,3,3,0,1,2,12
8,3,2,1,1,2,8,3,2,1,1,2,0
28,4,6,0,4,18,7,3,1,0,1,3,21
55,4,6,0,13,45,6,3,1,0,1,2,17
44,4,6,0,11,34,8,3,3,0,1,2,14
14,4,3,5,1,2,11,3,2,4,1,2,11
21,4,6,0,2,11,7,3,1,0,1,3,20
22,4,6,0,3,12,8,4,1,0,1,3,18
18,7,8,0,1,3,6,3,1,0,1,2,18
17,6,3,6,1,2,9,3,1,3,1,2,13
24,6,7,5,2,6,24,6,7,5,2,6,0
10,2,3,3,1,2,9,2,2,3,1,2,9
94,6,5,8,26,75,94,6,5,8,26,75,0
18,4,7,4,1,3,7,2,1,2,1,2,14
8,2,2,1,1,3,8,2,2,1,1,3,8
17,4,7,4,1,2,7,2,1,2,1,2,12
9,2,2,1,1,4,8,2,2,1,1,3,12
25,7,8,8,1,2,25,7,8,8,1,2,0
8,2,2,1,1,3,8,2,2,1,1,3,5
15,2,3,3,2,7,9,2,1,3,1,3,13
14,6,3,3,1,2,7,3,2,0,1,2,8
15,6,3,3,1,3,7,3,2,0,1,2,12
21,6,3,3,4,9,7,3,2,0,1,2,14
14,6,3,3,1,2,6,3,1,0,1,2,14
15,6,3,3,1,3,7,3,2,0,1,2,11
15,6,3,3,1,3,7,3,2,0,1,2,12
14,5,4,4,1,1,14,5,4,4,1,1,0
15,5,4,4,1,2,15,5,4,4,1,2,0
11,3,2,5,1,1,11,3,2,5,1,1,0
16,5,6,3,1,2,5,2,1,0,1,2,12
12,3,2,5,1,2,12,3,2,5,1,2,0
12,2,3,3,1,4,8,2,1,3,1,2,10
11,5,2,2,1,2,6,3,1,0,1,2,11
10,2,3,3,1,2,8,2,1,3,1,2,8
57,8,11,6,14,32,57,8,11,6,14,32,0
19,6,8,3,1,2,5,2,1,0,1,2,16
19,4,9,3,1,3,6,2,1,1,1,2,16
15,4,2,5,2,4,9,2,1,4,1,2,11
16,4,2,5,2,5,9,2,1,4,1,2,11
14,4,2,5,1,3,11,3,1,5,1,2,9
20,4,6,4,2,6,7,2,1,2,1,2,12
20,8,7,3,1,2,12,6,2,2,1,2,11
24,6,8,7,1,3,9,2,1,4,1,2,17
16,4,4,5,1,3,7,2,1,2,1,2,11
24,7,6,8,1,3,14,4,2,6,1,2,11
16,6,2,5,1,3,9,3,1,3,1,2,12
9,2,2,4,1,1,9,2,2,4,1,1,0
13,2,3,3,2,5,13,2,3,3,2,5,0
16,4,5,5,1,2,10,3,1,4,1,2,11
19,3,5,4,3,7,9,2,1,4,1,2,9
16,3,2,3,5,8,16,3,2,3,5,8,0
11,3,3,0,2,5,7,3,2,0,1,2,9
26,6,10,4,1,6,14,5,3,3,1,3,18
31,6,10,4,2,11,8,2,1,3,1,2,19
11,4,5,0,1,2,5,2,1,0,1,2,12
29,6,10,4,2,9,14,5,3,3,1,3,19
7,3,2,0,1,2,6,3,1,0,1,2,9
30,6,10,4,2,10,8,2,1,3,1,2,17
29,4,5,1,5,19,8,3,2,0,1,3,19
25,6,10,4,1,5,10,3,1,4,1,2,21
20,4,7,0,2,9,8,3,2,0,1,3,17
18,4,7,0,1,7,9,4,2,0,1,3,16
25,6,9,5,1,5,13,5,2,4,1,2,11
24,4,7,0,2,13,9,4,2,0,1,3,18
34,4,7,0,3,23,9,4,2,0,1,3,17
12,4,4,1,1,3,5,2,1,0,1,2,14
11,4,4,1,1,2,7,3,2,0,1,2,5
9,3,2,0,1,4,7,3,1,0,1,3,13
7,4,1,0,1,2,6,3,1,0,1,2,9
15,6,4,3,1,2,9,3,1,3,1,2,8
7,4,1,0,1,2,6,3,1,0,1,2,9
7,4,1,0,1,2,6,3,1,0,1,2,9
19,6,5,6,1,2,14,5,1,6,1,2,13
19,6,5,6,1,2,14,5,1,6,1,2,11
9,3,0,5,1,1,9,3,0,5,1,1,0
20,5,6,4,2,5,20,5,6,4,2,5,0
17,5,6,4,1,2,17,5,6,4,1,2,0
20,4,4,7,1,5,10,2,1,4,1,3,15
19,4,4,7,1,4,10,2,1,4,1,3,14
18,5,6,4,1,3,7,2,1,2,1,2,9
9,4,2,2,1,1,9,4,2,2,1,1,0
10,4,2,2,1,2,10,4,2,2,1,2,0
15,5,5,2,1,3,7,2,1,2,1,2,12
14,5,5,2,1,2,7,2,1,2,1,2,9
9,2,3,2,1,2,7,2,1,2,1,2,8
8,2,3,0,1,3,5,2,1,0,1,2,12
27,7,9,3,3,8,27,7,9,3,3,8,0
126,5,8,1,29,112,126,5,8,1,29,112,0
10,3,4,0,1,3,7,3,1,0,1,3,13
22,6,8,2,2,6,9,4,1,2,1,2,15
18,3,5,3,3,7,7,2,1,2,1,2,9
36,8,13,13,1,2,12,4,1,5,1,2,18
16,4,2,7,2,3,16,4,2,7,2,3,0
24,7,7,5,2,5,24,7,7,5,2,5,0
33,7,9,8,4,9,33,7,9,8,4,9,0
27,7,9,8,1,3,27,7,9,8,1,3,0
27,7,9,8,1,3,13,4,2,5,1,2,22
35,4,6,3,8,22,35,4,6,3,8,22,0
11,3,3,3,1,2,10,3,3,2,1,2,4
40,4,5,5,11,26,40,4,5,5,11,26,1
27,6,11,4,2,6,11,4,1,4,1,2,17
23,4,6,0,3,13,6,3,1,0,1,2,13
40,8,12,13,2,7,40,8,12,13,2,7,0
49,4,6,0,8,39,8,3,2,0,1,3,18
14,4,3,5,1,2,10,3,2,3,1,2,8
14,4,3,5,1,2,10,3,2,3,1,2,8
25,4,6,0,4,15,8,3,2,0,1,3,15
23,4,3,5,4,11,7,2,1,2,1,2,13
12,4,5,0,1,3,7,3,2,0,1,2,9
24,7,10,6,1,1,24,7,10,6,1,1,0
26,6,6,6,3,8,11,3,3,3,1,2,13
23,6,6,6,2,5,11,3,3,3,1,2,13
19,6,5,5,1,3,8,2,1,3,1,2,11
18,6,5,5,1,2,8,2,1,3,1,2,12
18,4,2,8,2,4,12,3,1,6,1,2,8
13,4,4,3,1,2,10,3,2,3,1,2,10
9,2,2,3,1,2,9,2,2,3,1,2,0
8,2,2,2,1,2,7,2,1,2,1,2,6
19,4,4,3,3,8,7,2,1,2,1,2,12
13,3,3,4,2,3,13,3,3,4,2,3,10
6,3,1,0,1,2,6,3,1,0,1,2,4
12,4,3,3,1,2,11,4,2,3,1,2,15
8,2,1,3,1,2,8,2,1,3,1,2,2
20,4,5,0,3,11,7,3,1,0,1,3,15
15,4,5,0,2,6,7,3,2,0,1,2,9
26,4,5,0,5,17,7,3,2,0,1,2,9
11,4,5,0,1,2,7,3,2,0,1,2,7
27,6,5,3,4,13,27,6,5,3,4,13,0
15,4,3,0,3,8,7,3,2,0,1,2,9
12,4,3,0,2,5,6,3,1,0,1,2,13
18,6,5,3,1,4,6,2,1,0,1,3,20
10,4,2,2,1,2,8,4,2,0,1,2,8
7,3,2,0,1,2,6,3,1,0,1,2,9
26,6,9,4,3,7,14,5,2,4,2,3,79
20,3,5,0,3,12,7,3,1,0,1,3,18
9,3,2,2,1,2,7,2,1,2,1,2,8
